source,section,province,name,kind,url,direct
主源,tv.yml,央视,CCTV-13 新闻,央视网页,https://tv.cctv.com/live/cctv13/,https://tv.cctv.com/live/cctv13/
主源,tv.yml,央视,CCTV-1 综合,央视网页,https://tv.cctv.com/live/cctv1/,https://tv.cctv.com/live/cctv1/
主源,tv.yml,央视,CCTV-2 财经,央视网页,https://tv.cctv.com/live/cctv2/,https://tv.cctv.com/live/cctv2/
主源,tv.yml,央视,CCTV-3 综艺,央视网页,https://tv.cctv.com/live/cctv3/,https://tv.cctv.com/live/cctv3/
主源,tv.yml,央视,CCTV-4 中文国际,央视网页,https://tv.cctv.com/live/cctv4,https://tv.cctv.com/live/cctv4
主源,tv.yml,央视,CCTV-5 体育,央视网页,https://tv.cctv.com/live/cctv5/,https://tv.cctv.com/live/cctv5/
主源,tv.yml,央视,CCTV-5+ 体育赛事,央视网页,https://tv.cctv.com/live/cctv5plus/,https://tv.cctv.com/live/cctv5plus/
主源,tv.yml,央视,CCTV-6 电影,央视网页,https://tv.cctv.com/live/cctv6/,https://tv.cctv.com/live/cctv6/
主源,tv.yml,央视,CCTV-7 国防军事,央视网页,https://tv.cctv.com/live/cctv7/,https://tv.cctv.com/live/cctv7/
主源,tv.yml,央视,CCTV-8 电视剧,央视网页,https://tv.cctv.com/live/cctv8/,https://tv.cctv.com/live/cctv8/
主源,tv.yml,央视,CCTV-9 纪录,央视网页,https://tv.cctv.com/live/cctvjilu/,https://tv.cctv.com/live/cctvjilu/
主源,tv.yml,央视,CCTV-10 科教,央视网页,https://tv.cctv.com/live/cctv10/,https://tv.cctv.com/live/cctv10/
主源,tv.yml,央视,CCTV-11 戏曲,央视网页,https://tv.cctv.com/live/cctv11/,https://tv.cctv.com/live/cctv11/
主源,tv.yml,央视,CCTV-12 社会与法,央视网页,https://tv.cctv.com/live/cctv12/,https://tv.cctv.com/live/cctv12/
主源,tv.yml,央视,CCTV-15 音乐,央视网页,https://tv.cctv.com/live/cctv15/,https://tv.cctv.com/live/cctv15/
主源,tv.yml,央视,CCTV-16 奥林匹克,央视网页,https://tv.cctv.com/live/cctv16/,https://tv.cctv.com/live/cctv16/
主源,tv.yml,央视,CCTV-17 农业农村,央视网页,https://tv.cctv.com/live/cctv17/,https://tv.cctv.com/live/cctv17/
主源,tv.yml,央视,1905电影,网页,https://m.1905.com/m/xl/live/,https://m.1905.com/m/xl/live/
主源,tv.yml,央视,1905国际电影,网页,https://www.1905.com/1905tv/live/,https://www.1905.com/1905tv/live/
主源,tv.yml,央视源2,CCTV13 新闻,央视网页,https://www.yangshipin.cn/tv/home?pid=600001811,https://www.yangshipin.cn/tv/home?pid=600001811
主源,tv.yml,央视源2,CCTV1 综合,央视网页,https://www.yangshipin.cn/tv/home?pid=600001859,https://www.yangshipin.cn/tv/home?pid=600001859
主源,tv.yml,央视源2,CCTV2 财经,央视网页,https://www.yangshipin.cn/tv/home?pid=600001800,https://www.yangshipin.cn/tv/home?pid=600001800
主源,tv.yml,央视源2,CCTV3 综艺,央视网页,https://www.yangshipin.cn/tv/home?pid=600001801,https://www.yangshipin.cn/tv/home?pid=600001801
主源,tv.yml,央视源2,CCTV4 中文国际,央视网页,https://www.yangshipin.cn/tv/home?pid=600001814,https://www.yangshipin.cn/tv/home?pid=600001814
主源,tv.yml,央视源2,CCTV5 体育,央视网页,https://www.yangshipin.cn/tv/home?pid=600001818,https://www.yangshipin.cn/tv/home?pid=600001818
主源,tv.yml,央视源2,CCTV5+ 体育赛事,央视网页,https://www.yangshipin.cn/tv/home?pid=600001817,https://www.yangshipin.cn/tv/home?pid=600001817
主源,tv.yml,央视源2,CCTV6 电影,央视网页,https://www.yangshipin.cn/tv/home?pid=600108442,https://www.yangshipin.cn/tv/home?pid=600108442
主源,tv.yml,央视源2,CCTV7 国防军事,央视网页,https://www.yangshipin.cn/tv/home?pid=600004092,https://www.yangshipin.cn/tv/home?pid=600004092
主源,tv.yml,央视源2,CCTV8 电视剧,央视网页,https://www.yangshipin.cn/tv/home?pid=600001803,https://www.yangshipin.cn/tv/home?pid=600001803
主源,tv.yml,央视源2,CCTV9 纪录,央视网页,https://www.yangshipin.cn/tv/home?pid=600004078,https://www.yangshipin.cn/tv/home?pid=600004078
主源,tv.yml,央视源2,CCTV10 科教,央视网页,https://www.yangshipin.cn/tv/home?pid=600001805,https://www.yangshipin.cn/tv/home?pid=600001805
主源,tv.yml,央视源2,CCTV11 戏曲,央视网页,https://www.yangshipin.cn/tv/home?pid=600001806,https://www.yangshipin.cn/tv/home?pid=600001806
主源,tv.yml,央视源2,CCTV12 社会与法,央视网页,https://www.yangshipin.cn/tv/home?pid=600001807,https://www.yangshipin.cn/tv/home?pid=600001807
主源,tv.yml,央视源2,CCTV14 少儿,央视网页,https://www.yangshipin.cn/tv/home?pid=600001809,https://www.yangshipin.cn/tv/home?pid=600001809
主源,tv.yml,央视源2,CCTV15 音乐,央视网页,https://www.yangshipin.cn/tv/home?pid=600001815,https://www.yangshipin.cn/tv/home?pid=600001815
主源,tv.yml,央视源2,CCTV16 奥林匹克,央视网页,https://www.yangshipin.cn/tv/home?pid=600098637,https://www.yangshipin.cn/tv/home?pid=600098637
主源,tv.yml,央视源2,CCTV17 农业农村,央视网页,https://www.yangshipin.cn/tv/home?pid=600001810,https://www.yangshipin.cn/tv/home?pid=600001810
主源,tv.yml,央视源2,CCTV4K,央视网页,https://www.yangshipin.cn/tv/home?pid=600002264,https://www.yangshipin.cn/tv/home?pid=600002264
主源,tv.yml,央视源2,CCTV8K,央视网页,https://www.yangshipin.cn/tv/home?pid=600156816,https://www.yangshipin.cn/tv/home?pid=600156816
主源,tv.yml,央视源2,CGTN,央视网页,https://www.yangshipin.cn/tv/home?pid=600014550,https://www.yangshipin.cn/tv/home?pid=600014550
主源,tv.yml,央视源2,CGTN外语纪录频道,央视网页,https://www.yangshipin.cn/tv/home?pid=600084781,https://www.yangshipin.cn/tv/home?pid=600084781
主源,tv.yml,央视源2,CCTV 风云剧场,央视网页,https://www.yangshipin.cn/tv/home?pid=600099658,https://www.yangshipin.cn/tv/home?pid=600099658
主源,tv.yml,央视源2,CCTV 第一剧场,央视网页,https://www.yangshipin.cn/tv/home?pid=600099655,https://www.yangshipin.cn/tv/home?pid=600099655
主源,tv.yml,央视源2,CCTV 怀旧剧场,央视网页,https://www.yangshipin.cn/tv/home?pid=600099620,https://www.yangshipin.cn/tv/home?pid=600099620
主源,tv.yml,卫视,湖南卫视,央视网页,https://www.yangshipin.cn/tv/home?pid=600002475,https://www.yangshipin.cn/tv/home?pid=600002475
主源,tv.yml,卫视,江苏卫视,央视网页,https://www.yangshipin.cn/tv/home?pid=600002521,https://www.yangshipin.cn/tv/home?pid=600002521
主源,tv.yml,卫视,上海东方卫视,央视网页,https://www.yangshipin.cn/tv/home?pid=600002483,https://www.yangshipin.cn/tv/home?pid=600002483
主源,tv.yml,卫视,浙江卫视,央视网页,https://www.yangshipin.cn/tv/home?pid=600002520,https://www.yangshipin.cn/tv/home?pid=600002520
主源,tv.yml,卫视,北京卫视,央视网页,https://www.yangshipin.cn/tv/home?pid=600002309,https://www.yangshipin.cn/tv/home?pid=600002309
主源,tv.yml,卫视,湖北卫视,央视网页,https://www.yangshipin.cn/tv/home?pid=600002508,https://www.yangshipin.cn/tv/home?pid=600002508
主源,tv.yml,卫视,广东卫视,央视网页,https://www.yangshipin.cn/tv/home?pid=600002485,https://www.yangshipin.cn/tv/home?pid=600002485
主源,tv.yml,卫视,广西卫视,央视网页,https://www.yangshipin.cn/tv/home?pid=600002509,https://www.yangshipin.cn/tv/home?pid=600002509
主源,tv.yml,卫视,黑龙江卫视,央视网页,https://www.yangshipin.cn/tv/home?pid=600002498,https://www.yangshipin.cn/tv/home?pid=600002498
主源,tv.yml,卫视,海南卫视,央视网页,https://www.yangshipin.cn/tv/home?pid=600002506,https://www.yangshipin.cn/tv/home?pid=600002506
主源,tv.yml,卫视,重庆卫视,央视网页,https://www.yangshipin.cn/tv/home?pid=600002531,https://www.yangshipin.cn/tv/home?pid=600002531
主源,tv.yml,卫视,深圳卫视,央视网页,https://www.yangshipin.cn/tv/home?pid=600002481,https://www.yangshipin.cn/tv/home?pid=600002481
主源,tv.yml,卫视,四川卫视,央视网页,https://www.yangshipin.cn/tv/home?pid=600002516,https://www.yangshipin.cn/tv/home?pid=600002516
主源,tv.yml,卫视,河南卫视,央视网页,https://www.yangshipin.cn/tv/home?pid=600002525,https://www.yangshipin.cn/tv/home?pid=600002525
主源,tv.yml,卫视,福建东南卫视,央视网页,https://www.yangshipin.cn/tv/home?pid=600002484,https://www.yangshipin.cn/tv/home?pid=600002484
主源,tv.yml,卫视,贵州卫视,央视网页,https://www.yangshipin.cn/tv/home?pid=600002490,https://www.yangshipin.cn/tv/home?pid=600002490
主源,tv.yml,卫视,江西卫视,央视网页,https://www.yangshipin.cn/tv/home?pid=600002503,https://www.yangshipin.cn/tv/home?pid=600002503
主源,tv.yml,卫视,辽宁卫视,央视网页,https://www.yangshipin.cn/tv/home?pid=600002505,https://www.yangshipin.cn/tv/home?pid=600002505
主源,tv.yml,卫视,安徽卫视,央视网页,https://www.yangshipin.cn/tv/home?pid=600002532,https://www.yangshipin.cn/tv/home?pid=600002532
主源,tv.yml,卫视,河北卫视,央视网页,https://www.yangshipin.cn/tv/home?pid=600002493,https://www.yangshipin.cn/tv/home?pid=600002493
主源,tv.yml,卫视,山东卫视,央视网页,https://www.yangshipin.cn/tv/home?pid=600002513,https://www.yangshipin.cn/tv/home?pid=600002513
主源,tv.yml,卫视,天津卫视,央视网页,https://www.yangshipin.cn/tv/home?pid=600152137,https://www.yangshipin.cn/tv/home?pid=600152137
主源,tv.yml,卫视,吉林卫视,央视网页,https://www.yangshipin.cn/tv/home?pid=600190405,https://www.yangshipin.cn/tv/home?pid=600190405
主源,tv.yml,卫视,陕西卫视,央视网页,https://www.yangshipin.cn/tv/home?pid=600190400,https://www.yangshipin.cn/tv/home?pid=600190400
主源,tv.yml,卫视,甘肃卫视,央视网页,https://www.yangshipin.cn/tv/home?pid=600190408,https://www.yangshipin.cn/tv/home?pid=600190408
主源,tv.yml,卫视,宁夏卫视,央视网页,https://www.yangshipin.cn/tv/home?pid=600190737,https://www.yangshipin.cn/tv/home?pid=600190737
主源,tv.yml,卫视,内蒙古卫视,央视网页,https://www.yangshipin.cn/tv/home?pid=600190401,https://www.yangshipin.cn/tv/home?pid=600190401
主源,tv.yml,卫视,云南卫视,央视网页,https://www.yangshipin.cn/tv/home?pid=600190402,https://www.yangshipin.cn/tv/home?pid=600190402
主源,tv.yml,卫视,山西卫视,央视网页,https://www.yangshipin.cn/tv/home?pid=600190407,https://www.yangshipin.cn/tv/home?pid=600190407
主源,tv.yml,卫视,青海卫视,央视网页,https://www.yangshipin.cn/tv/home?pid=600190406,https://www.yangshipin.cn/tv/home?pid=600190406
主源,tv.yml,卫视,西藏卫视,央视网页,https://www.yangshipin.cn/tv/home?pid=600190403,https://www.yangshipin.cn/tv/home?pid=600190403
主源,tv.yml,卫视,新疆卫视,央视网页,https://www.yangshipin.cn/tv/home?pid=600152138,https://www.yangshipin.cn/tv/home?pid=600152138
主源,tv.yml,少儿,CCTV-14 少儿,央视网页,https://tv.cctv.com/live/cctvchild/,https://tv.cctv.com/live/cctvchild/
主源,tv.yml,少儿,浙江少儿,网页,https://www.cztv.com/liveTV/108,https://www.cztv.com/liveTV/108
主源,tv.yml,少儿,山东少儿,网页,https://v.iqilu.com/live/sepd/,https://v.iqilu.com/live/sepd/
主源,tv.yml,少儿,优漫卡通,网页,https://live.jstv.com/?tag=优漫卡通,https://live.jstv.com/?tag=优漫卡通
主源,tv.yml,少儿,南京少儿,网页,https://www.nbs.cn/live/?id=110095,https://www.nbs.cn/live/?id=110095
主源,tv.yml,少儿,海南少儿,网页,https://service-app.hnntv.cn/AppEngine/appinfo/STHaiNan/share.html?userId=1&appId=STHaiNan&userId=1&channelId=7,https://service-app.hnntv.cn/AppEngine/appinfo/STHaiNan/share.html?userId=1&appId=STHaiNan&userId=1&channelId=7
主源,tv.yml,少儿,广东少儿,网页,https://www.gdtv.cn/tvChannelDetail/54,https://www.gdtv.cn/tvChannelDetail/54
主源,tv.yml,少儿,嘉佳卡通,网页,https://www.gdtv.cn/tvChannelDetail/66,https://www.gdtv.cn/tvChannelDetail/66
主源,tv.yml,少儿,哈哈炫动,网页,https://live.kankanews.com/huikan?id=9,https://live.kankanews.com/huikan?id=9
主源,tv.yml,少儿,北京少儿,网页,https://www.btime.com/btv/btvsy_index?tag=8,https://www.btime.com/btv/btvsy_index?tag=8
主源,tv.yml,少儿,江西少儿,网页,https://www.jxntv.cn/live/?tag=5#/jxtv6,https://www.jxntv.cn/live/?tag=5#/jxtv6
主源,tv.yml,少儿,内蒙少儿,网页,https://www.nmtv.cn/liveTv?tag=少儿频道,https://www.nmtv.cn/liveTv?tag=少儿频道
主源,tv.yml,少儿,深圳少儿,网页,https://www.sztv.com.cn/dianshi.shtml?id=7881&u-link=1,https://www.sztv.com.cn/dianshi.shtml?id=7881&u-link=1
主源,tv.yml,少儿,金鹰卡通,网页,https://www.mgtv.com/live/?tag=金鹰卡通,https://www.mgtv.com/live/?tag=金鹰卡通
主源,tv.yml,少儿,福州少儿,网页,https://www.zohi.tv/app/tv/795,https://www.zohi.tv/app/tv/795
主源,tv.yml,教育,中国教育1 综合,央视网页,https://www.yangshipin.cn/tv/home?pid=600171827,https://www.yangshipin.cn/tv/home?pid=600171827
主源,tv.yml,教育,中国教育1,网页,https://tv.gxtv.cn/channel/channelivePlay_ffa6b6e1b32b4a16a73eb3ef66f8bfc7.html,https://tv.gxtv.cn/channel/channelivePlay_ffa6b6e1b32b4a16a73eb3ef66f8bfc7.html
主源,tv.yml,教育,中国教育2 空中课堂,网页,https://tv.gxtv.cn/channel/channelivePlay_80d0ffb42c114eaf9663708629ff0a3e.html,https://tv.gxtv.cn/channel/channelivePlay_80d0ffb42c114eaf9663708629ff0a3e.html
主源,tv.yml,教育,中国教育4 职业教育,网页,https://tv.gxtv.cn/channel/channelivePlay_67eace939278435bb4bca90800fb4225.html,https://tv.gxtv.cn/channel/channelivePlay_67eace939278435bb4bca90800fb4225.html
主源,tv.yml,教育,山东教育,网页,https://www.sdetv.com.cn/edu/pc/live/index.html,https://www.sdetv.com.cn/edu/pc/live/index.html
主源,tv.yml,教育,上海教育,网页,https://www.setv.sh.cn/#/tvshow,https://www.setv.sh.cn/#/tvshow
主源,tv.yml,教育,武汉教育,网页,https://ronghehao-h5.whjyapp.com/#/pages/live/tv,https://ronghehao-h5.whjyapp.com/#/pages/live/tv
主源,tv.yml,教育,昆明教育,网页,https://kmjy.kmetv.com/application/tenma01ds_tvradio/view/web/#/,https://kmjy.kmetv.com/application/tenma01ds_tvradio/view/web/#/
主源,tv.yml,教育,郑州教育,直连流(内嵌),https://tv.utao.tv/tv-web/live.html?url=https://livezzutv.chinamcache.com/live/zb02.m3u8,https://livezzutv.chinamcache.com/live/zb02.m3u8
主源,tv.yml,教育,平顶山教育,直连流(内嵌),https://tv.utao.tv/tv-web/live.html?url=http://219.150.204.175:81/hls/live1.m3u8,http://219.150.204.175:81/hls/live1.m3u8
主源,tv.yml,广东,广东卫视,网页,https://www.gdtv.cn/tvChannelDetail/43,https://www.gdtv.cn/tvChannelDetail/43
主源,tv.yml,广东,广东4K超高清,网页,https://www.gdtv.cn/tvChannelDetail/16,https://www.gdtv.cn/tvChannelDetail/16
主源,tv.yml,广东,广东经典电视剧,网页,https://www.gdtv.cn/tvChannelDetail/100,https://www.gdtv.cn/tvChannelDetail/100
主源,tv.yml,广东,广东珠江,网页,https://www.gdtv.cn/tvChannelDetail/44,https://www.gdtv.cn/tvChannelDetail/44
主源,tv.yml,广东,广东新闻,网页,https://www.gdtv.cn/tvChannelDetail/45,https://www.gdtv.cn/tvChannelDetail/45
主源,tv.yml,广东,广东民生,网页,https://www.gdtv.cn/tvChannelDetail/48,https://www.gdtv.cn/tvChannelDetail/48
主源,tv.yml,广东,广东体育,网页,https://www.gdtv.cn/tvChannelDetail/47,https://www.gdtv.cn/tvChannelDetail/47
主源,tv.yml,广东,大湾区卫视,网页,https://www.gdtv.cn/tvChannelDetail/51,https://www.gdtv.cn/tvChannelDetail/51
主源,tv.yml,广东,大湾区卫视（海外版）,网页,https://www.gdtv.cn/tvChannelDetail/46,https://www.gdtv.cn/tvChannelDetail/46
主源,tv.yml,广东,广东影视,网页,https://www.gdtv.cn/tvChannelDetail/53,https://www.gdtv.cn/tvChannelDetail/53
主源,tv.yml,广东,广东南方购物,网页,https://www.gdtv.cn/tvChannelDetail/42,https://www.gdtv.cn/tvChannelDetail/42
主源,tv.yml,广东,广东现代教育,网页,https://www.gdtv.cn/tvChannelDetail/111,https://www.gdtv.cn/tvChannelDetail/111
主源,tv.yml,广东,广东岭南戏曲,网页,https://www.gdtv.cn/tvChannelDetail/15,https://www.gdtv.cn/tvChannelDetail/15
主源,tv.yml,广东,广东移动,网页,https://www.gdtv.cn/tvChannelDetail/74,https://www.gdtv.cn/tvChannelDetail/74
主源,tv.yml,广东,广东纪录片,网页,https://www.gdtv.cn/tvChannelDetail/94,https://www.gdtv.cn/tvChannelDetail/94
主源,tv.yml,广东,广州综合,网页,https://app.gztv.com/plusshare/?a=1#/tvDetail?code=3001,https://app.gztv.com/plusshare/?a=1#/tvDetail?code=3001
主源,tv.yml,广东,广州新闻,网页,https://app.gztv.com/plusshare/?a=2#/tvDetail?code=3002,https://app.gztv.com/plusshare/?a=2#/tvDetail?code=3002
主源,tv.yml,广东,广州南国都市,网页,https://app.gztv.com/plusshare/?a=3#/tvDetail?code=3003,https://app.gztv.com/plusshare/?a=3#/tvDetail?code=3003
主源,tv.yml,广东,广州法制,网页,https://app.gztv.com/plusshare/?a=4#/tvDetail?code=3004,https://app.gztv.com/plusshare/?a=4#/tvDetail?code=3004
主源,tv.yml,广东,河源综合,直连流,https://tmpstream.hyrtv.cn/xwzh/sd/live.m3u8,https://tmpstream.hyrtv.cn/xwzh/sd/live.m3u8
主源,tv.yml,广东,河源公共,直连流,https://tmpstream.hyrtv.cn/hygg/sd/live.m3u8,https://tmpstream.hyrtv.cn/hygg/sd/live.m3u8
主源,tv.yml,广东,清远新闻综合,网页,https://www.qyrb.cn/tv/rM834x3d5a.html,https://www.qyrb.cn/tv/rM834x3d5a.html
主源,tv.yml,广东,韶关新闻综合,网页,https://www.sgmsw.cn/v/tv?spm=0.0.0.0.HGiuAr&id=SB05RIYZOU8JR418AUQOF62CAJQ08D0E,https://www.sgmsw.cn/v/tv?spm=0.0.0.0.HGiuAr&id=SB05RIYZOU8JR418AUQOF62CAJQ08D0E
主源,tv.yml,广东,广东经济科教,网页,https://jsv-live.sfccn.com/index?id=3920,https://jsv-live.sfccn.com/index?id=3920
主源,tv.yml,广东,云浮文旅,网页,https://static.yft.ndoe.cn/hd/ysx/#/?channelType=0&channelId=9,https://static.yft.ndoe.cn/hd/ysx/#/?channelType=0&channelId=9
主源,tv.yml,广东,云浮综合,网页,https://static.yft.ndoe.cn/hd/ysx/#/?channelType=0&channelId=8,https://static.yft.ndoe.cn/hd/ysx/#/?channelType=0&channelId=8
主源,tv.yml,广东,五华电视台,网页,https://kmcxmpvzb.vzan.com/live/page/1448741529?v=1745716308000,https://kmcxmpvzb.vzan.com/live/page/1448741529?v=1745716308000
主源,tv.yml,广东,信宜综合,网页,https://web.guangdianyun.tv/tv/?id=643&uin=1629,https://web.guangdianyun.tv/tv/?id=643&uin=1629
主源,tv.yml,广东,广州法治,网页,https://app.gztv.com/plusshare/#/tvDetail?code=3004,https://app.gztv.com/plusshare/#/tvDetail?code=3004
主源,tv.yml,广东,开平综合,网页,https://web.guangdianyun.tv/tv/?id=1434&uin=1132,https://web.guangdianyun.tv/tv/?id=1434&uin=1132
主源,tv.yml,广东,江门侨乡生活,网页,http://www.jmtv.cn/live/jm_live_h5.shtml?pid=1,http://www.jmtv.cn/live/jm_live_h5.shtml?pid=1
主源,tv.yml,广东,江门综合,网页,http://www.jmtv.cn/live/jm_live_h5.shtml?pid=2,http://www.jmtv.cn/live/jm_live_h5.shtml?pid=2
主源,tv.yml,广东,清远文旅生活,网页,https://h5.qyrb.cn/h5/nfzmy-television-and-radio/#/?channelId=3,https://h5.qyrb.cn/h5/nfzmy-television-and-radio/#/?channelId=3
主源,tv.yml,广东,肇庆生活,网页,https://zqh5.xjrb.com/h5/nfzmy-television-and-radio/#/?channelId=34,https://zqh5.xjrb.com/h5/nfzmy-television-and-radio/#/?channelId=34
主源,tv.yml,广东,肇庆综合,网页,https://zqh5.xjrb.com/h5/nfzmy-television-and-radio/#/?channelId=33,https://zqh5.xjrb.com/h5/nfzmy-television-and-radio/#/?channelId=33
主源,tv.yml,山东,齐鲁卫视,网页,https://v.iqilu.com/live/qlpd/,https://v.iqilu.com/live/qlpd/
主源,tv.yml,山东,山东新闻,网页,https://v.iqilu.com/live/ggpd/,https://v.iqilu.com/live/ggpd/
主源,tv.yml,山东,山东体育休闲,网页,https://v.iqilu.com/live/typd/,https://v.iqilu.com/live/typd/
主源,tv.yml,山东,山东卫视,网页,https://v.iqilu.com/live/sdtv/index.html,https://v.iqilu.com/live/sdtv/index.html
主源,tv.yml,山东,山东生活,网页,https://v.iqilu.com/live/shpd/,https://v.iqilu.com/live/shpd/
主源,tv.yml,山东,山东综艺,网页,https://v.iqilu.com/live/zypd/,https://v.iqilu.com/live/zypd/
主源,tv.yml,山东,山东农科,网页,https://v.iqilu.com/live/nkpd/,https://v.iqilu.com/live/nkpd/
主源,tv.yml,山东,山东文旅,网页,https://v.iqilu.com/live/yspd/,https://v.iqilu.com/live/yspd/
主源,tv.yml,山东,山东教育,网页,https://www.sdetv.com.cn/edu/pc/live/index.html,https://www.sdetv.com.cn/edu/pc/live/index.html
主源,tv.yml,山东,青岛新闻综合,网页,http://www.qtv.com.cn/live/tv/index.shtml,http://www.qtv.com.cn/live/tv/index.shtml
主源,tv.yml,山东,青岛经济生活,网页,http://www.qtv.com.cn/live/tv/tv_qtv2.shtml,http://www.qtv.com.cn/live/tv/tv_qtv2.shtml
主源,tv.yml,山东,青岛影视,网页,http://www.qtv.com.cn/live/tv/tv_qtv3.shtml,http://www.qtv.com.cn/live/tv/tv_qtv3.shtml
主源,tv.yml,山东,青岛文化娱乐,网页,http://www.qtv.com.cn/live/tv/tv_qtv4.shtml,http://www.qtv.com.cn/live/tv/tv_qtv4.shtml
主源,tv.yml,山东,青岛体育休闲,网页,http://www.qtv.com.cn/live/tv/tv_qtv5.shtml,http://www.qtv.com.cn/live/tv/tv_qtv5.shtml
主源,tv.yml,山东,青岛教育,网页,http://www.qtv.com.cn/live/tv/tv_qtv6.shtml,http://www.qtv.com.cn/live/tv/tv_qtv6.shtml
主源,tv.yml,山东,威海新闻综合,网页,http://lv.weihai.tv/live_13705e35636b2136b590e5a015bb801c.html,http://lv.weihai.tv/live_13705e35636b2136b590e5a015bb801c.html
主源,tv.yml,山东,威海都市生活,网页,http://lv.weihai.tv/live_8bfc704cbba598e76540f5d4f61a0e03.html,http://lv.weihai.tv/live_8bfc704cbba598e76540f5d4f61a0e03.html
主源,tv.yml,山东,威海海洋,网页,http://lv.weihai.tv/live_6dffaf124b89957024f9f31de302d183.html,http://lv.weihai.tv/live_6dffaf124b89957024f9f31de302d183.html
主源,tv.yml,山东,泰安综合,网页,http://www.1545ts.com/zhibo/taian/zhibotatv1.html,http://www.1545ts.com/zhibo/taian/zhibotatv1.html
主源,tv.yml,山东,泰安经济生活,网页,http://www.1545ts.com/zhibo/taian/zhibotatv2.html,http://www.1545ts.com/zhibo/taian/zhibotatv2.html
主源,tv.yml,山东,临沂综合,网页,http://www.ilinyi.net/cms/tv/1020403,http://www.ilinyi.net/cms/tv/1020403
主源,tv.yml,山东,临沂公共,网页,http://www.ilinyi.net/cms/tv/1020769,http://www.ilinyi.net/cms/tv/1020769
主源,tv.yml,山东,临沂经济,网页,http://www.ilinyi.net/cms/tv/36417907,http://www.ilinyi.net/cms/tv/36417907
主源,tv.yml,山东,枣庄新闻综合,网页,http://www.lncm.cn/zhibo/show-1.html,http://www.lncm.cn/zhibo/show-1.html
主源,tv.yml,山东,枣庄经济生活,网页,http://www.lncm.cn/zhibo/show-3.html,http://www.lncm.cn/zhibo/show-3.html
主源,tv.yml,山东,枣庄公共,网页,http://www.lncm.cn/zhibo/show-4.html,http://www.lncm.cn/zhibo/show-4.html
主源,tv.yml,山东,聊城综合,网页,https://www.lcxw.cn/kands/?tag=0,https://www.lcxw.cn/kands/?tag=0
主源,tv.yml,山东,聊城民生,网页,https://www.lcxw.cn/kands/?tag=1,https://www.lcxw.cn/kands/?tag=1
主源,tv.yml,山东,潍坊新闻综合,网页,http://www.wfcmw.cn/wfrtv_pdLive.html?tv=1,http://www.wfcmw.cn/wfrtv_pdLive.html?tv=1
主源,tv.yml,山东,潍坊经济生活,网页,http://www.wfcmw.cn/wfrtv_pdLive.html?tv=2,http://www.wfcmw.cn/wfrtv_pdLive.html?tv=2
主源,tv.yml,山东,潍坊影视综艺,网页,http://www.wfcmw.cn/wfrtv_pdLive.html?tv=3,http://www.wfcmw.cn/wfrtv_pdLive.html?tv=3
主源,tv.yml,山东,潍坊科教文旅,网页,http://www.wfcmw.cn/wfrtv_pdLive.html?tv=4,http://www.wfcmw.cn/wfrtv_pdLive.html?tv=4
主源,tv.yml,山东,即墨生活服务,分享页(base64),https://iapp.jimorongmei.com/tv-web/js/tv/iapp/live.html?url=https://iapp.jimorongmei.com/share/dHZsLTIyMS0z.html,https://iapp.jimorongmei.com/tv-web/js/tv/iapp/live.html?url=https://iapp.jimorongmei.com/share/dHZsLTIyMS0z.html
主源,tv.yml,山东,长清新闻,分享页(base64),https://iapp.jncqrm.cn/tv-web/js/tv/iapp/live.html?url=https://iapp.jncqrm.cn/share/dHZsLTE3MS0y.html,https://iapp.jncqrm.cn/tv-web/js/tv/iapp/live.html?url=https://iapp.jncqrm.cn/share/dHZsLTE3MS0y.html
主源,tv.yml,山东,长清生活,分享页(base64),https://iapp.jncqrm.cn/tv-web/js/tv/iapp/live.html?url=https://iapp.jncqrm.cn/share/dHZsLTE3MS0yMA.html,https://iapp.jncqrm.cn/tv-web/js/tv/iapp/live.html?url=https://iapp.jncqrm.cn/share/dHZsLTE3MS0yMA.html
主源,tv.yml,山东,济铁电视台,分享页(base64),https://jnjapp.jntlj.com/tv-web/js/tv/iapp/live.html?url=https://jnjapp.jntlj.com/share/dHZsLTMwMy0x.html,https://jnjapp.jntlj.com/tv-web/js/tv/iapp/live.html?url=https://jnjapp.jntlj.com/share/dHZsLTMwMy0x.html
主源,tv.yml,山东,济阳综合,分享页(base64),https://iapp.jiyangrongmei.cn/tv-web/js/tv/iapp/live.html?url=https://iapp.jiyangrongmei.cn/share/dHZsLTg1LTE.html,https://iapp.jiyangrongmei.cn/tv-web/js/tv/iapp/live.html?url=https://iapp.jiyangrongmei.cn/share/dHZsLTg1LTE.html
主源,tv.yml,山东,济阳影视,分享页(base64),https://iapp.jiyangrongmei.cn/tv-web/js/tv/iapp/live.html?url=https://iapp.jiyangrongmei.cn/share/dHZsLTg1LTI.html,https://iapp.jiyangrongmei.cn/tv-web/js/tv/iapp/live.html?url=https://iapp.jiyangrongmei.cn/share/dHZsLTg1LTI.html
主源,tv.yml,山东,平阴乡村振兴,分享页(base64),https://app.litenews.cn/tv-web/js/tv/iapp/live.html?url=https://app.litenews.cn/share/dHZsLTI1Ny0z.html,https://app.litenews.cn/tv-web/js/tv/iapp/live.html?url=https://app.litenews.cn/share/dHZsLTI1Ny0z.html
主源,tv.yml,山东,商河综合,分享页(base64),https://iapp.shxrmtzx.com/tv-web/js/tv/iapp/live.html?url=https://iapp.shxrmtzx.com/share/dHZsLTk3LTE.html,https://iapp.shxrmtzx.com/tv-web/js/tv/iapp/live.html?url=https://iapp.shxrmtzx.com/share/dHZsLTk3LTE.html
主源,tv.yml,山东,商河影视,分享页(base64),https://iapp.shxrmtzx.com/tv-web/js/tv/iapp/live.html?url=https://iapp.shxrmtzx.com/share/dHZsLTk3LTI.html,https://iapp.shxrmtzx.com/tv-web/js/tv/iapp/live.html?url=https://iapp.shxrmtzx.com/share/dHZsLTk3LTI.html
主源,tv.yml,山东,章丘综合,分享页(base64),https://app.litenews.cn/tv-web/js/tv/iapp/live.html?url=https://app.litenews.cn/share/dHZsLTE5NS0x.html,https://app.litenews.cn/tv-web/js/tv/iapp/live.html?url=https://app.litenews.cn/share/dHZsLTE5NS0x.html
主源,tv.yml,山东,章丘公共,分享页(base64),https://app.litenews.cn/tv-web/js/tv/iapp/live.html?url=https://app.litenews.cn/share/dHZsLTE5NS0y.html,https://app.litenews.cn/tv-web/js/tv/iapp/live.html?url=https://app.litenews.cn/share/dHZsLTE5NS0y.html
主源,tv.yml,山东,东营区新闻综合,分享页(base64),https://iapp.zhidongyingapp.com/tv-web/js/tv/iapp/live.html?url=https://iapp.zhidongyingapp.com/share/dHZsLTE2My01.html,https://iapp.zhidongyingapp.com/tv-web/js/tv/iapp/live.html?url=https://iapp.zhidongyingapp.com/share/dHZsLTE2My01.html
主源,tv.yml,山东,东营区科教影视,分享页(base64),https://iapp.zhidongyingapp.com/tv-web/js/tv/iapp/live.html?url=https://iapp.zhidongyingapp.com/share/dHZsLTE2My03.html,https://iapp.zhidongyingapp.com/tv-web/js/tv/iapp/live.html?url=https://iapp.zhidongyingapp.com/share/dHZsLTE2My03.html
主源,tv.yml,山东,广饶综合,分享页(base64),https://iapp.grxrmtzx.com/tv-web/js/tv/iapp/live.html?url=https://iapp.grxrmtzx.com/share/dHZsLTIzNy0x.html,https://iapp.grxrmtzx.com/tv-web/js/tv/iapp/live.html?url=https://iapp.grxrmtzx.com/share/dHZsLTIzNy0x.html
主源,tv.yml,山东,广饶科教文艺,分享页(base64),https://iapp.grxrmtzx.com/tv-web/js/tv/iapp/live.html?url=https://iapp.grxrmtzx.com/share/dHZsLTIzNy01.html,https://iapp.grxrmtzx.com/tv-web/js/tv/iapp/live.html?url=https://iapp.grxrmtzx.com/share/dHZsLTIzNy01.html
主源,tv.yml,山东,利津综合,分享页(base64),https://iapp.lijinnews.com/tv-web/js/tv/iapp/live.html?url=https://iapp.lijinnews.com/share/dHZsLTE1My0x.html,https://iapp.lijinnews.com/tv-web/js/tv/iapp/live.html?url=https://iapp.lijinnews.com/share/dHZsLTE1My0x.html
主源,tv.yml,山东,利津文化生活,分享页(base64),https://iapp.lijinnews.com/tv-web/js/tv/iapp/live.html?url=https://iapp.lijinnews.com/share/dHZsLTE1My0z.html,https://iapp.lijinnews.com/tv-web/js/tv/iapp/live.html?url=https://iapp.lijinnews.com/share/dHZsLTE1My0z.html
主源,tv.yml,山东,城阳综合,分享页(base64),https://iapp.hichengyang.cn/tv-web/js/tv/iapp/live.html?url=https://iapp.hichengyang.cn/share/dHZsLTQwMy01.html,https://iapp.hichengyang.cn/tv-web/js/tv/iapp/live.html?url=https://iapp.hichengyang.cn/share/dHZsLTQwMy01.html
主源,tv.yml,山东,黄岛综合,分享页(base64),https://iapp.qwmedia.cn/tv-web/js/tv/iapp/live.html?url=https://iapp.qwmedia.cn/share/dHZsLTIyNy0x.html,https://iapp.qwmedia.cn/tv-web/js/tv/iapp/live.html?url=https://iapp.qwmedia.cn/share/dHZsLTIyNy0x.html
主源,tv.yml,山东,黄岛生活,分享页(base64),https://iapp.qwmedia.cn/tv-web/js/tv/iapp/live.html?url=https://iapp.qwmedia.cn/share/dHZsLTIyNy0z.html,https://iapp.qwmedia.cn/tv-web/js/tv/iapp/live.html?url=https://iapp.qwmedia.cn/share/dHZsLTIyNy0z.html
主源,tv.yml,山东,即墨综合,分享页(base64),https://iapp.jimorongmei.com/tv-web/js/tv/iapp/live.html?url=https://iapp.jimorongmei.com/share/dHZsLTIyMS0y.html,https://iapp.jimorongmei.com/tv-web/js/tv/iapp/live.html?url=https://iapp.jimorongmei.com/share/dHZsLTIyMS0y.html
主源,tv.yml,山东,胶州综合,分享页(base64),https://iapp.yunshangjiaozhou.cn/tv-web/js/tv/iapp/live.html?url=https://iapp.yunshangjiaozhou.cn/share/dHZsLTMwNS0x.html,https://iapp.yunshangjiaozhou.cn/tv-web/js/tv/iapp/live.html?url=https://iapp.yunshangjiaozhou.cn/share/dHZsLTMwNS0x.html
主源,tv.yml,山东,胶州生活,分享页(base64),https://iapp.yunshangjiaozhou.cn/tv-web/js/tv/iapp/live.html?url=https://iapp.yunshangjiaozhou.cn/share/dHZsLTMwNS0z.html,https://iapp.yunshangjiaozhou.cn/tv-web/js/tv/iapp/live.html?url=https://iapp.yunshangjiaozhou.cn/share/dHZsLTMwNS0z.html
主源,tv.yml,山东,李沧TV,分享页(base64),https://iapp.licangmedia.cn/tv-web/js/tv/iapp/live.html?url=https://iapp.licangmedia.cn/share/dHZsLTE3My0x.html,https://iapp.licangmedia.cn/tv-web/js/tv/iapp/live.html?url=https://iapp.licangmedia.cn/share/dHZsLTE3My0x.html
主源,tv.yml,山东,崂山TV,分享页(base64),https://iapp.laoshanrongmei.cn/tv-web/js/tv/iapp/live.html?url=https://iapp.laoshanrongmei.cn/share/dHZsLTI5NS0x.html,https://iapp.laoshanrongmei.cn/tv-web/js/tv/iapp/live.html?url=https://iapp.laoshanrongmei.cn/share/dHZsLTI5NS0x.html
主源,tv.yml,山东,莱西综合,分享页(base64),https://iapp.laixirongmei.cn/tv-web/js/tv/iapp/live.html?url=https://iapp.laixirongmei.cn/share/dHZsLTI1My0x.html,https://iapp.laixirongmei.cn/tv-web/js/tv/iapp/live.html?url=https://iapp.laixirongmei.cn/share/dHZsLTI1My0x.html
主源,tv.yml,山东,莱西生活,分享页(base64),https://iapp.laixirongmei.cn/tv-web/js/tv/iapp/live.html?url=https://iapp.laixirongmei.cn/share/dHZsLTI1My0z.html,https://iapp.laixirongmei.cn/tv-web/js/tv/iapp/live.html?url=https://iapp.laixirongmei.cn/share/dHZsLTI1My0z.html
主源,tv.yml,山东,平度新闻综合,分享页(base64),https://iapp.aipingduapp.com/tv-web/js/tv/iapp/live.html?url=https://iapp.aipingduapp.com/share/dHZsLTQ1LTQ.html,https://iapp.aipingduapp.com/tv-web/js/tv/iapp/live.html?url=https://iapp.aipingduapp.com/share/dHZsLTQ1LTQ.html
主源,tv.yml,山东,平度生活服务,分享页(base64),https://iapp.aipingduapp.com/tv-web/js/tv/iapp/live.html?url=https://iapp.aipingduapp.com/share/dHZsLTQ1LTU.html,https://iapp.aipingduapp.com/tv-web/js/tv/iapp/live.html?url=https://iapp.aipingduapp.com/share/dHZsLTQ1LTU.html
主源,tv.yml,山东,潍坊新闻综合,分享页(base64),https://iapp.wfcmw.cn/tv-web/js/tv/iapp/live.html?url=https://iapp.wfcmw.cn/share/dHZsLTYzNS0x.html,https://iapp.wfcmw.cn/tv-web/js/tv/iapp/live.html?url=https://iapp.wfcmw.cn/share/dHZsLTYzNS0x.html
主源,tv.yml,山东,潍坊生活,分享页(base64),https://iapp.wfcmw.cn/tv-web/js/tv/iapp/live.html?url=https://iapp.wfcmw.cn/share/dHZsLTYzNS01.html,https://iapp.wfcmw.cn/tv-web/js/tv/iapp/live.html?url=https://iapp.wfcmw.cn/share/dHZsLTYzNS01.html
主源,tv.yml,山东,潍坊影视综艺,分享页(base64),https://iapp.wfcmw.cn/tv-web/js/tv/iapp/live.html?url=https://iapp.wfcmw.cn/share/dHZsLTYzNS03.html,https://iapp.wfcmw.cn/tv-web/js/tv/iapp/live.html?url=https://iapp.wfcmw.cn/share/dHZsLTYzNS03.html
主源,tv.yml,山东,潍坊科教文旅,分享页(base64),https://iapp.wfcmw.cn/tv-web/js/tv/iapp/live.html?url=https://iapp.wfcmw.cn/share/dHZsLTYzNS05.html,https://iapp.wfcmw.cn/tv-web/js/tv/iapp/live.html?url=https://iapp.wfcmw.cn/share/dHZsLTYzNS05.html
主源,tv.yml,山东,潍坊高新区,分享页(base64),https://iapp.wegood.wang/tv-web/js/tv/iapp/live.html?url=https://iapp.wegood.wang/share/dHZsLTQyMS0xNA.html,https://iapp.wegood.wang/tv-web/js/tv/iapp/live.html?url=https://iapp.wegood.wang/share/dHZsLTQyMS0xNA.html
主源,tv.yml,山东,安丘综合,分享页(base64),https://iapp.aianqiu.cn/tv-web/js/tv/iapp/live.html?url=https://iapp.aianqiu.cn/share/dHZsLTEzNy0z.html,https://iapp.aianqiu.cn/tv-web/js/tv/iapp/live.html?url=https://iapp.aianqiu.cn/share/dHZsLTEzNy0z.html
主源,tv.yml,山东,安丘民生,分享页(base64),https://iapp.aianqiu.cn/tv-web/js/tv/iapp/live.html?url=https://iapp.aianqiu.cn/share/dHZsLTEzNy00.html,https://iapp.aianqiu.cn/tv-web/js/tv/iapp/live.html?url=https://iapp.aianqiu.cn/share/dHZsLTEzNy00.html
主源,tv.yml,山东,滨海新闻综合,分享页(base64),https://iapp.wfbhrmt.cn/tv-web/js/tv/iapp/live.html?url=https://iapp.wfbhrmt.cn/share/dHZsLTE5OS0x.html,https://iapp.wfbhrmt.cn/tv-web/js/tv/iapp/live.html?url=https://iapp.wfbhrmt.cn/share/dHZsLTE5OS0x.html
主源,tv.yml,山东,昌乐综合,分享页(base64),https://iapp.clxrmtzx.cn/tv-web/js/tv/iapp/live.html?url=https://iapp.clxrmtzx.cn/share/dHZsLTEtMw.html,https://iapp.clxrmtzx.cn/tv-web/js/tv/iapp/live.html?url=https://iapp.clxrmtzx.cn/share/dHZsLTEtMw.html
主源,tv.yml,山东,昌邑综合,分享页(base64),https://iapp.changyirongmei.com/tv-web/js/tv/iapp/live.html?url=https://iapp.changyirongmei.com/share/dHZsLTQ3LTE.html,https://iapp.changyirongmei.com/tv-web/js/tv/iapp/live.html?url=https://iapp.changyirongmei.com/share/dHZsLTQ3LTE.html
主源,tv.yml,山东,昌邑经济生活,分享页(base64),https://iapp.changyirongmei.com/tv-web/js/tv/iapp/live.html?url=https://iapp.changyirongmei.com/share/dHZsLTQ3LTI.html,https://iapp.changyirongmei.com/tv-web/js/tv/iapp/live.html?url=https://iapp.changyirongmei.com/share/dHZsLTQ3LTI.html
主源,tv.yml,山东,坊子新闻综合,分享页(base64),https://iapp.fzqrmtzx.cn/tv-web/js/tv/iapp/live.html?url=https://iapp.fzqrmtzx.cn/share/dHZsLTI4NS0x.html,https://iapp.fzqrmtzx.cn/tv-web/js/tv/iapp/live.html?url=https://iapp.fzqrmtzx.cn/share/dHZsLTI4NS0x.html
主源,tv.yml,山东,高密综合,分享页(base64),https://iapp.gaominews.com/tv-web/js/tv/iapp/live.html?url=https://iapp.gaominews.com/share/dHZsLTcxLTI0.html,https://iapp.gaominews.com/tv-web/js/tv/iapp/live.html?url=https://iapp.gaominews.com/share/dHZsLTcxLTI0.html
主源,tv.yml,山东,高密党建农科,分享页(base64),https://iapp.gaominews.com/tv-web/js/tv/iapp/live.html?url=https://iapp.gaominews.com/share/dHZsLTcxLTM4.html,https://iapp.gaominews.com/tv-web/js/tv/iapp/live.html?url=https://iapp.gaominews.com/share/dHZsLTcxLTM4.html
主源,tv.yml,山东,寒亭新闻,分享页(base64),https://iapp.httv.cn/tv-web/js/tv/iapp/live.html?url=https://iapp.httv.cn/share/dHZsLTEzMy0x.html,https://iapp.httv.cn/tv-web/js/tv/iapp/live.html?url=https://iapp.httv.cn/share/dHZsLTEzMy0x.html
主源,tv.yml,山东,奎文电视台,分享页(base64),https://iapp.wfkwrm.com/tv-web/js/tv/iapp/live.html?url=https://iapp.wfkwrm.com/share/dHZsLTEyNy0xNw.html,https://iapp.wfkwrm.com/tv-web/js/tv/iapp/live.html?url=https://iapp.wfkwrm.com/share/dHZsLTEyNy0xNw.html
主源,tv.yml,山东,临朐新闻综合,分享页(base64),https://iapp.yunshanglinqu.cn/tv-web/js/tv/iapp/live.html?url=https://iapp.yunshanglinqu.cn/share/dHZsLTIwNS0zOQ.html,https://iapp.yunshanglinqu.cn/tv-web/js/tv/iapp/live.html?url=https://iapp.yunshanglinqu.cn/share/dHZsLTIwNS0zOQ.html
主源,tv.yml,山东,青州综合,分享页(base64),https://iapp.qingzhounews.cn/tv-web/js/tv/iapp/live.html?url=https://iapp.qingzhounews.cn/share/dHZsLTEyNS0y.html,https://iapp.qingzhounews.cn/tv-web/js/tv/iapp/live.html?url=https://iapp.qingzhounews.cn/share/dHZsLTEyNS0y.html
主源,tv.yml,山东,青州文化旅游,分享页(base64),https://iapp.qingzhounews.cn/tv-web/js/tv/iapp/live.html?url=https://iapp.qingzhounews.cn/share/dHZsLTEyNS0z.html,https://iapp.qingzhounews.cn/tv-web/js/tv/iapp/live.html?url=https://iapp.qingzhounews.cn/share/dHZsLTEyNS0z.html
主源,tv.yml,山东,潍城TV,分享页(base64),https://iapp.wcrmawckhd.cn/tv-web/js/tv/iapp/live.html?url=https://iapp.wcrmawckhd.cn/share/dHZsLTE1LTM.html,https://iapp.wcrmawckhd.cn/tv-web/js/tv/iapp/live.html?url=https://iapp.wcrmawckhd.cn/share/dHZsLTE1LTM.html
主源,tv.yml,山东,诸城新闻综合,分享页(base64),https://iapp.52zhucheng.cn/tv-web/js/tv/iapp/live.html?url=https://iapp.52zhucheng.cn/share/dHZsLTExNS0yMw.html,https://iapp.52zhucheng.cn/tv-web/js/tv/iapp/live.html?url=https://iapp.52zhucheng.cn/share/dHZsLTExNS0yMw.html
主源,tv.yml,山东,寿光综合,分享页(base64),https://iapp.sgrmt.com/tv-web/js/tv/iapp/live.html?url=https://iapp.sgrmt.com/share/dHZsLTI3OS0x.html,https://iapp.sgrmt.com/tv-web/js/tv/iapp/live.html?url=https://iapp.sgrmt.com/share/dHZsLTI3OS0x.html
主源,tv.yml,山东,寿光蔬菜,分享页(base64),https://iapp.sgrmt.com/tv-web/js/tv/iapp/live.html?url=https://iapp.sgrmt.com/share/dHZsLTI3OS0z.html,https://iapp.sgrmt.com/tv-web/js/tv/iapp/live.html?url=https://iapp.sgrmt.com/share/dHZsLTI3OS0z.html
主源,tv.yml,山东,长岛TV,分享页(base64),https://iapp.changdaohao.cn/tv-web/js/tv/iapp/live.html?url=https://iapp.changdaohao.cn/share/dHZsLTE3NS0x.html,https://iapp.changdaohao.cn/tv-web/js/tv/iapp/live.html?url=https://iapp.changdaohao.cn/share/dHZsLTE3NS0x.html
主源,tv.yml,山东,福山综合,分享页(base64),https://iapp.fuzaifushan.cn/tv-web/js/tv/iapp/live.html?url=https://iapp.fuzaifushan.cn/share/dHZsLTE4OS00.html,https://iapp.fuzaifushan.cn/tv-web/js/tv/iapp/live.html?url=https://iapp.fuzaifushan.cn/share/dHZsLTE4OS00.html
主源,tv.yml,山东,海阳综合,分享页(base64),https://iapp.hyzc.cn/tv-web/js/tv/iapp/live.html?url=https://iapp.hyzc.cn/share/dHZsLTI1NS0x.html,https://iapp.hyzc.cn/tv-web/js/tv/iapp/live.html?url=https://iapp.hyzc.cn/share/dHZsLTI1NS0x.html
主源,tv.yml,山东,龙口综合,分享页(base64),https://app.litenews.cn/tv-web/js/tv/iapp/live.html?url=https://app.litenews.cn/share/dHZsLTU3LTE.html,https://app.litenews.cn/tv-web/js/tv/iapp/live.html?url=https://app.litenews.cn/share/dHZsLTU3LTE.html
主源,tv.yml,山东,莱山综合,分享页(base64),https://app.litenews.cn/tv-web/js/tv/iapp/live.html?url=https://app.litenews.cn/share/dHZsLTI0NS00.html,https://app.litenews.cn/tv-web/js/tv/iapp/live.html?url=https://app.litenews.cn/share/dHZsLTI0NS00.html
主源,tv.yml,山东,莱山影视,分享页(base64),https://app.litenews.cn/tv-web/js/tv/iapp/live.html?url=https://app.litenews.cn/share/dHZsLTI0NS02.html,https://app.litenews.cn/tv-web/js/tv/iapp/live.html?url=https://app.litenews.cn/share/dHZsLTI0NS02.html
主源,tv.yml,山东,莱阳综合,分享页(base64),https://iapp.laiyangrongmei.cn/tv-web/js/tv/iapp/live.html?url=https://iapp.laiyangrongmei.cn/share/dHZsLTI0MS00.html,https://iapp.laiyangrongmei.cn/tv-web/js/tv/iapp/live.html?url=https://iapp.laiyangrongmei.cn/share/dHZsLTI0MS00.html
主源,tv.yml,山东,莱阳民生综艺,分享页(base64),https://iapp.laiyangrongmei.cn/tv-web/js/tv/iapp/live.html?url=https://iapp.laiyangrongmei.cn/share/dHZsLTI0MS03.html,https://iapp.laiyangrongmei.cn/tv-web/js/tv/iapp/live.html?url=https://iapp.laiyangrongmei.cn/share/dHZsLTI0MS03.html
主源,tv.yml,山东,莱州综合,分享页(base64),https://iapp.laizhourongmei.cn/tv-web/js/tv/iapp/live.html?url=https://iapp.laizhourongmei.cn/share/dHZsLTIzOS0x.html,https://iapp.laizhourongmei.cn/tv-web/js/tv/iapp/live.html?url=https://iapp.laizhourongmei.cn/share/dHZsLTIzOS0x.html
主源,tv.yml,山东,牟平综合,分享页(base64),https://iapp.mprmt.com/tv-web/js/tv/iapp/live.html?url=https://iapp.mprmt.com/share/dHZsLTI4MS0x.html,https://iapp.mprmt.com/tv-web/js/tv/iapp/live.html?url=https://iapp.mprmt.com/share/dHZsLTI4MS0x.html
主源,tv.yml,山东,蓬莱综艺,分享页(base64),https://iapp.xianjingpenglai.cn/tv-web/js/tv/iapp/live.html?url=https://iapp.xianjingpenglai.cn/share/dHZsLTEwOS0y.html,https://iapp.xianjingpenglai.cn/tv-web/js/tv/iapp/live.html?url=https://iapp.xianjingpenglai.cn/share/dHZsLTEwOS0y.html
主源,tv.yml,山东,栖霞综合,分享页(base64),https://iapp.aiqixiaapp.com/tv-web/js/tv/iapp/live.html?url=https://iapp.aiqixiaapp.com/share/dHZsLTE2NS0xMg.html,https://iapp.aiqixiaapp.com/tv-web/js/tv/iapp/live.html?url=https://iapp.aiqixiaapp.com/share/dHZsLTE2NS0xMg.html
主源,tv.yml,山东,栖霞苹果,分享页(base64),https://iapp.aiqixiaapp.com/tv-web/js/tv/iapp/live.html?url=https://iapp.aiqixiaapp.com/share/dHZsLTE2NS0xNA.html,https://iapp.aiqixiaapp.com/tv-web/js/tv/iapp/live.html?url=https://iapp.aiqixiaapp.com/share/dHZsLTE2NS0xNA.html
主源,tv.yml,山东,招远综合,分享页(base64),https://iapp.zhaoyuanrongmei.com.cn/tv-web/js/tv/iapp/live.html?url=https://iapp.zhaoyuanrongmei.com.cn/share/dHZsLTU1LTI.html,https://iapp.zhaoyuanrongmei.com.cn/tv-web/js/tv/iapp/live.html?url=https://iapp.zhaoyuanrongmei.com.cn/share/dHZsLTU1LTI.html
主源,tv.yml,山东,招远综艺,分享页(base64),https://iapp.zhaoyuanrongmei.com.cn/tv-web/js/tv/iapp/live.html?url=https://iapp.zhaoyuanrongmei.com.cn/share/dHZsLTU1LTQ.html,https://iapp.zhaoyuanrongmei.com.cn/tv-web/js/tv/iapp/live.html?url=https://iapp.zhaoyuanrongmei.com.cn/share/dHZsLTU1LTQ.html
主源,tv.yml,山东,博山新闻,分享页(base64),https://iapp.boshanhao.cn/tv-web/js/tv/iapp/live.html?url=https://iapp.boshanhao.cn/share/dHZsLTE3LTg.html,https://iapp.boshanhao.cn/tv-web/js/tv/iapp/live.html?url=https://iapp.boshanhao.cn/share/dHZsLTE3LTg.html
主源,tv.yml,山东,博山图文,分享页(base64),https://iapp.boshanhao.cn/tv-web/js/tv/iapp/live.html?url=https://iapp.boshanhao.cn/share/dHZsLTE3LTk.html,https://iapp.boshanhao.cn/tv-web/js/tv/iapp/live.html?url=https://iapp.boshanhao.cn/share/dHZsLTE3LTk.html
主源,tv.yml,山东,高青综合,分享页(base64),https://iapp.gqxrmt.cn/tv-web/js/tv/iapp/live.html?url=https://iapp.gqxrmt.cn/share/dHZsLTYxLTE.html,https://iapp.gqxrmt.cn/tv-web/js/tv/iapp/live.html?url=https://iapp.gqxrmt.cn/share/dHZsLTYxLTE.html
主源,tv.yml,山东,高青影视,分享页(base64),https://iapp.gqxrmt.cn/tv-web/js/tv/iapp/live.html?url=https://iapp.gqxrmt.cn/share/dHZsLTYxLTI.html,https://iapp.gqxrmt.cn/tv-web/js/tv/iapp/live.html?url=https://iapp.gqxrmt.cn/share/dHZsLTYxLTI.html
主源,tv.yml,山东,桓台综合,分享页(base64),https://iapp.htxw.cn/tv-web/js/tv/iapp/live.html?url=https://iapp.htxw.cn/share/dHZsLTIzLTE1.html,https://iapp.htxw.cn/tv-web/js/tv/iapp/live.html?url=https://iapp.htxw.cn/share/dHZsLTIzLTE1.html
主源,tv.yml,山东,桓台影视,分享页(base64),https://iapp.htxw.cn/tv-web/js/tv/iapp/live.html?url=https://iapp.htxw.cn/share/dHZsLTIzLTE2.html,https://iapp.htxw.cn/tv-web/js/tv/iapp/live.html?url=https://iapp.htxw.cn/share/dHZsLTIzLTE2.html
主源,tv.yml,山东,临淄新闻综合,分享页(base64),https://iapp.linzirongmei.cn/tv-web/js/tv/iapp/live.html?url=https://iapp.linzirongmei.cn/share/dHZsLTE1MS02.html,https://iapp.linzirongmei.cn/tv-web/js/tv/iapp/live.html?url=https://iapp.linzirongmei.cn/share/dHZsLTE1MS02.html
主源,tv.yml,山东,临淄生活服务,分享页(base64),https://iapp.linzirongmei.cn/tv-web/js/tv/iapp/live.html?url=https://iapp.linzirongmei.cn/share/dHZsLTE1MS03.html,https://iapp.linzirongmei.cn/tv-web/js/tv/iapp/live.html?url=https://iapp.linzirongmei.cn/share/dHZsLTE1MS03.html
主源,tv.yml,山东,沂源综合,分享页(base64),https://iapp.yyrmapp.com/tv-web/js/tv/iapp/live.html?url=https://iapp.yyrmapp.com/share/dHZsLTIwMy02.html,https://iapp.yyrmapp.com/tv-web/js/tv/iapp/live.html?url=https://iapp.yyrmapp.com/share/dHZsLTIwMy02.html
主源,tv.yml,山东,沂源生活,分享页(base64),https://iapp.yyrmapp.com/tv-web/js/tv/iapp/live.html?url=https://iapp.yyrmapp.com/share/dHZsLTIwMy03.html,https://iapp.yyrmapp.com/tv-web/js/tv/iapp/live.html?url=https://iapp.yyrmapp.com/share/dHZsLTIwMy03.html
主源,tv.yml,山东,淄川新闻,分享页(base64),https://iapp.zichuanrongmei.cn/tv-web/js/tv/iapp/live.html?url=https://iapp.zichuanrongmei.cn/share/dHZsLTc1LTE.html,https://iapp.zichuanrongmei.cn/tv-web/js/tv/iapp/live.html?url=https://iapp.zichuanrongmei.cn/share/dHZsLTc1LTE.html
主源,tv.yml,山东,张店1,分享页(base64),https://iapp.aizhangdian.com/tv-web/js/tv/iapp/live.html?url=https://iapp.aizhangdian.com/share/dHZsLTEwMS0x.html,https://iapp.aizhangdian.com/tv-web/js/tv/iapp/live.html?url=https://iapp.aizhangdian.com/share/dHZsLTEwMS0x.html
主源,tv.yml,山东,张店2,分享页(base64),https://iapp.aizhangdian.com/tv-web/js/tv/iapp/live.html?url=https://iapp.aizhangdian.com/share/dHZsLTEwMS02.html,https://iapp.aizhangdian.com/tv-web/js/tv/iapp/live.html?url=https://iapp.aizhangdian.com/share/dHZsLTEwMS02.html
主源,tv.yml,山东,周村新闻,分享页(base64),https://iapp.izhoucun.cn/tv-web/js/tv/iapp/live.html?url=https://iapp.izhoucun.cn/share/dHZsLTI1OS0x.html,https://iapp.izhoucun.cn/tv-web/js/tv/iapp/live.html?url=https://iapp.izhoucun.cn/share/dHZsLTI1OS0x.html
主源,tv.yml,山东,周村生活,分享页(base64),https://iapp.izhoucun.cn/tv-web/js/tv/iapp/live.html?url=https://iapp.izhoucun.cn/share/dHZsLTI1OS0z.html,https://iapp.izhoucun.cn/tv-web/js/tv/iapp/live.html?url=https://iapp.izhoucun.cn/share/dHZsLTI1OS0z.html
主源,tv.yml,山东,山亭综合,分享页(base64),https://iapp.stqrmtzx.com/tv-web/js/tv/iapp/live.html?url=https://iapp.stqrmtzx.com/share/dHZsLTI0My0x.html,https://iapp.stqrmtzx.com/tv-web/js/tv/iapp/live.html?url=https://iapp.stqrmtzx.com/share/dHZsLTI0My0x.html
主源,tv.yml,山东,枣庄市中综合,分享页(base64),https://iapp.zzszrm.com/tv-web/js/tv/iapp/live.html?url=https://iapp.zzszrm.com/share/dHZsLTIzMy0x.html,https://iapp.zzszrm.com/tv-web/js/tv/iapp/live.html?url=https://iapp.zzszrm.com/share/dHZsLTIzMy0x.html
主源,tv.yml,山东,滕州综合,分享页(base64),https://iapp.tzrmt.com/tv-web/js/tv/iapp/live.html?url=https://iapp.tzrmt.com/share/dHZsLTEwMy0y.html,https://iapp.tzrmt.com/tv-web/js/tv/iapp/live.html?url=https://iapp.tzrmt.com/share/dHZsLTEwMy0y.html
主源,tv.yml,山东,薛城新闻综合,分享页(base64),https://iapp.aixuechengapp.com/tv-web/js/tv/iapp/live.html?url=https://iapp.aixuechengapp.com/share/dHZsLTM3LTg.html,https://iapp.aixuechengapp.com/tv-web/js/tv/iapp/live.html?url=https://iapp.aixuechengapp.com/share/dHZsLTM3LTg.html
主源,tv.yml,山东,峄城综合,分享页(base64),https://iapp.yilan-app.com/tv-web/js/tv/iapp/live.html?url=https://iapp.yilan-app.com/share/dHZsLTIwOS0x.html,https://iapp.yilan-app.com/tv-web/js/tv/iapp/live.html?url=https://iapp.yilan-app.com/share/dHZsLTIwOS0x.html
主源,tv.yml,山东,滨城TV,分享页(base64),https://iapp.binchengrongmei.com/tv-web/js/tv/iapp/live.html?url=https://iapp.binchengrongmei.com/share/dHZsLTI0OS0zNQ.html,https://iapp.binchengrongmei.com/tv-web/js/tv/iapp/live.html?url=https://iapp.binchengrongmei.com/share/dHZsLTI0OS0zNQ.html
主源,tv.yml,山东,惠民综合,分享页(base64),https://iapp.aihuimin.cn/tv-web/js/tv/iapp/live.html?url=https://iapp.aihuimin.cn/share/dHZsLTIxMS0y.html,https://iapp.aihuimin.cn/tv-web/js/tv/iapp/live.html?url=https://iapp.aihuimin.cn/share/dHZsLTIxMS0y.html
主源,tv.yml,山东,惠民影视,分享页(base64),https://iapp.aihuimin.cn/tv-web/js/tv/iapp/live.html?url=https://iapp.aihuimin.cn/share/dHZsLTIxMS0z.html,https://iapp.aihuimin.cn/tv-web/js/tv/iapp/live.html?url=https://iapp.aihuimin.cn/share/dHZsLTIxMS0z.html
主源,tv.yml,山东,无棣综合,分享页(base64),https://app.litenews.cn/tv-web/js/tv/iapp/live.html?url=https://app.litenews.cn/share/dHZsLTE2OS0x.html,https://app.litenews.cn/tv-web/js/tv/iapp/live.html?url=https://app.litenews.cn/share/dHZsLTE2OS0x.html
主源,tv.yml,山东,无棣综艺,分享页(base64),https://app.litenews.cn/tv-web/js/tv/iapp/live.html?url=https://app.litenews.cn/share/dHZsLTE2OS0yMQ.html,https://app.litenews.cn/tv-web/js/tv/iapp/live.html?url=https://app.litenews.cn/share/dHZsLTE2OS0yMQ.html
主源,tv.yml,山东,阳信新闻综合,分享页(base64),https://iapp.yangxinrongmei.cn/tv-web/js/tv/iapp/live.html?url=https://iapp.yangxinrongmei.cn/share/dHZsLTIxNy0x.html,https://iapp.yangxinrongmei.cn/tv-web/js/tv/iapp/live.html?url=https://iapp.yangxinrongmei.cn/share/dHZsLTIxNy0x.html
主源,tv.yml,山东,沾化综合,分享页(base64),https://iapp.zhanhuarongmei.cn/tv-web/js/tv/iapp/live.html?url=https://iapp.zhanhuarongmei.cn/share/dHZsLTI3Ny0x.html,https://iapp.zhanhuarongmei.cn/tv-web/js/tv/iapp/live.html?url=https://iapp.zhanhuarongmei.cn/share/dHZsLTI3Ny0x.html
主源,tv.yml,山东,沾化综艺,分享页(base64),https://iapp.zhanhuarongmei.cn/tv-web/js/tv/iapp/live.html?url=https://iapp.zhanhuarongmei.cn/share/dHZsLTI3Ny05.html,https://iapp.zhanhuarongmei.cn/tv-web/js/tv/iapp/live.html?url=https://iapp.zhanhuarongmei.cn/share/dHZsLTI3Ny05.html
主源,tv.yml,山东,德州经济生活,分享页(base64),https://iapp.dztv.tv/tv-web/js/tv/iapp/live.html?url=https://iapp.dztv.tv/share/dHZsLTE3OS0y.html,https://iapp.dztv.tv/tv-web/js/tv/iapp/live.html?url=https://iapp.dztv.tv/share/dHZsLTE3OS0y.html
主源,tv.yml,山东,德州图文,分享页(base64),https://iapp.dztv.tv/tv-web/js/tv/iapp/live.html?url=https://iapp.dztv.tv/share/dHZsLTE3OS05.html,https://iapp.dztv.tv/tv-web/js/tv/iapp/live.html?url=https://iapp.dztv.tv/share/dHZsLTE3OS05.html
主源,tv.yml,山东,陵城综合,分享页(base64),https://iapp.lxgdw.com/tv-web/js/tv/iapp/live.html?url=https://iapp.lxgdw.com/share/dHZsLTIxNS02.html,https://iapp.lxgdw.com/tv-web/js/tv/iapp/live.html?url=https://iapp.lxgdw.com/share/dHZsLTIxNS02.html
主源,tv.yml,山东,陵城综合2,分享页(base64),https://iapp.dztv.tv/tv-web/js/tv/iapp/live.html?url=https://iapp.dztv.tv/share/dHZsLTE3OS0zNg.html,https://iapp.dztv.tv/tv-web/js/tv/iapp/live.html?url=https://iapp.dztv.tv/share/dHZsLTE3OS0zNg.html
主源,tv.yml,山东,乐陵新闻综合,分享页(base64),https://iapp.laolingrongmei.cn/tv-web/js/tv/iapp/live.html?url=https://iapp.laolingrongmei.cn/share/dHZsLTI2Ny0x.html,https://iapp.laolingrongmei.cn/tv-web/js/tv/iapp/live.html?url=https://iapp.laolingrongmei.cn/share/dHZsLTI2Ny0x.html
主源,tv.yml,山东,乐陵城市生活,分享页(base64),https://iapp.laolingrongmei.cn/tv-web/js/tv/iapp/live.html?url=https://iapp.laolingrongmei.cn/share/dHZsLTI2Ny01.html,https://iapp.laolingrongmei.cn/tv-web/js/tv/iapp/live.html?url=https://iapp.laolingrongmei.cn/share/dHZsLTI2Ny01.html
主源,tv.yml,山东,临邑1,分享页(base64),https://iapp.lyxrmtzx.com/tv-web/js/tv/iapp/live.html?url=https://iapp.lyxrmtzx.com/share/dHZsLTQ5LTM.html,https://iapp.lyxrmtzx.com/tv-web/js/tv/iapp/live.html?url=https://iapp.lyxrmtzx.com/share/dHZsLTQ5LTM.html
主源,tv.yml,山东,宁津综合,分享页(base64),https://iapp.njxrmtzx.cn/tv-web/js/tv/iapp/live.html?url=https://iapp.njxrmtzx.cn/share/dHZsLTE5My0x.html,https://iapp.njxrmtzx.cn/tv-web/js/tv/iapp/live.html?url=https://iapp.njxrmtzx.cn/share/dHZsLTE5My0x.html
主源,tv.yml,山东,平原综合,分享页(base64),https://iapp.pyxwapp.com/tv-web/js/tv/iapp/live.html?url=https://iapp.pyxwapp.com/share/dHZsLTE5LTI.html,https://iapp.pyxwapp.com/tv-web/js/tv/iapp/live.html?url=https://iapp.pyxwapp.com/share/dHZsLTE5LTI.html
主源,tv.yml,山东,庆云综合,分享页(base64),https://iapp.dztv.tv/tv-web/js/tv/iapp/live.html?url=https://iapp.dztv.tv/share/dHZsLTE3OS02NQ.html,https://iapp.dztv.tv/tv-web/js/tv/iapp/live.html?url=https://iapp.dztv.tv/share/dHZsLTE3OS02NQ.html
主源,tv.yml,山东,武城综合,分享页(base64),https://iapp.wuchengrmtzx.cn/tv-web/js/tv/iapp/live.html?url=https://iapp.wuchengrmtzx.cn/share/dHZsLTMzLTQ.html,https://iapp.wuchengrmtzx.cn/tv-web/js/tv/iapp/live.html?url=https://iapp.wuchengrmtzx.cn/share/dHZsLTMzLTQ.html
主源,tv.yml,山东,武城综艺影视,分享页(base64),https://iapp.dztv.tv/tv-web/js/tv/iapp/live.html?url=https://iapp.dztv.tv/share/dHZsLTE3OS01OA.html,https://iapp.dztv.tv/tv-web/js/tv/iapp/live.html?url=https://iapp.dztv.tv/share/dHZsLTE3OS01OA.html
主源,tv.yml,山东,夏津综合,分享页(base64),https://iapp.dztv.tv/tv-web/js/tv/iapp/live.html?url=https://iapp.dztv.tv/share/dHZsLTE3OS0yMQ.html,https://iapp.dztv.tv/tv-web/js/tv/iapp/live.html?url=https://iapp.dztv.tv/share/dHZsLTE3OS0yMQ.html
主源,tv.yml,山东,夏津公共,分享页(base64),https://iapp.dztv.tv/tv-web/js/tv/iapp/live.html?url=https://iapp.dztv.tv/share/dHZsLTE3OS0yMw.html,https://iapp.dztv.tv/tv-web/js/tv/iapp/live.html?url=https://iapp.dztv.tv/share/dHZsLTE3OS0yMw.html
主源,tv.yml,山东,禹城综合,分享页(base64),https://iapp.dztv.tv/tv-web/js/tv/iapp/live.html?url=https://iapp.dztv.tv/share/dHZsLTE3OS00OA.html,https://iapp.dztv.tv/tv-web/js/tv/iapp/live.html?url=https://iapp.dztv.tv/share/dHZsLTE3OS00OA.html
主源,tv.yml,山东,禹城综艺,分享页(base64),https://iapp.dztv.tv/tv-web/js/tv/iapp/live.html?url=https://iapp.dztv.tv/share/dHZsLTE3OS01MA.html,https://iapp.dztv.tv/tv-web/js/tv/iapp/live.html?url=https://iapp.dztv.tv/share/dHZsLTE3OS01MA.html
主源,tv.yml,山东,成武综合,分享页(base64),https://iapp.cwcmc.cn/tv-web/js/tv/iapp/live.html?url=https://iapp.cwcmc.cn/share/dHZsLTEzMS0x.html,https://iapp.cwcmc.cn/tv-web/js/tv/iapp/live.html?url=https://iapp.cwcmc.cn/share/dHZsLTEzMS0x.html
主源,tv.yml,山东,成武综艺,分享页(base64),https://iapp.cwcmc.cn/tv-web/js/tv/iapp/live.html?url=https://iapp.cwcmc.cn/share/dHZsLTEzMS0y.html,https://iapp.cwcmc.cn/tv-web/js/tv/iapp/live.html?url=https://iapp.cwcmc.cn/share/dHZsLTEzMS0y.html
主源,tv.yml,山东,曹县综合,分享页(base64),https://iapp.caoxianrongmei.cn/tv-web/js/tv/iapp/live.html?url=https://iapp.caoxianrongmei.cn/share/dHZsLTg3LTI.html,https://iapp.caoxianrongmei.cn/tv-web/js/tv/iapp/live.html?url=https://iapp.caoxianrongmei.cn/share/dHZsLTg3LTI.html
主源,tv.yml,山东,东明新闻综合,分享页(base64),https://iapp.dongmingrongmei.cn/tv-web/js/tv/iapp/live.html?url=https://iapp.dongmingrongmei.cn/share/dHZsLTExMS0y.html,https://iapp.dongmingrongmei.cn/tv-web/js/tv/iapp/live.html?url=https://iapp.dongmingrongmei.cn/share/dHZsLTExMS0y.html
主源,tv.yml,山东,定陶新闻,分享页(base64),https://iapp.aidingtao.cn/tv-web/js/tv/iapp/live.html?url=https://iapp.aidingtao.cn/share/dHZsLTI3LTc.html,https://iapp.aidingtao.cn/tv-web/js/tv/iapp/live.html?url=https://iapp.aidingtao.cn/share/dHZsLTI3LTc.html
主源,tv.yml,山东,巨野新闻,分享页(base64),https://iapp.juyerongmei.cn/tv-web/js/tv/iapp/live.html?url=https://iapp.juyerongmei.cn/share/dHZsLTEzOS0x.html,https://iapp.juyerongmei.cn/tv-web/js/tv/iapp/live.html?url=https://iapp.juyerongmei.cn/share/dHZsLTEzOS0x.html
主源,tv.yml,山东,牡丹区新闻综合,分享页(base64),https://iapp.hzmdrm.cn/tv-web/js/tv/iapp/live.html?url=https://iapp.hzmdrm.cn/share/dHZsLTIxOS02.html,https://iapp.hzmdrm.cn/tv-web/js/tv/iapp/live.html?url=https://iapp.hzmdrm.cn/share/dHZsLTIxOS02.html
主源,tv.yml,山东,牡丹区综艺,分享页(base64),https://iapp.hzmdrm.cn/tv-web/js/tv/iapp/live.html?url=https://iapp.hzmdrm.cn/share/dHZsLTIxOS0xNw.html,https://iapp.hzmdrm.cn/tv-web/js/tv/iapp/live.html?url=https://iapp.hzmdrm.cn/share/dHZsLTIxOS0xNw.html
主源,tv.yml,山东,单县综合,分享页(base64),https://iapp.sdmlsz.com/tv-web/js/tv/iapp/live.html?url=https://iapp.sdmlsz.com/share/dHZsLTE1NS0y.html,https://iapp.sdmlsz.com/tv-web/js/tv/iapp/live.html?url=https://iapp.sdmlsz.com/share/dHZsLTE1NS0y.html
主源,tv.yml,山东,郓城新闻,分享页(base64),https://iapp.ycrmtzx.com.cn/tv-web/js/tv/iapp/live.html?url=https://iapp.ycrmtzx.com.cn/share/dHZsLTEzNS0z.html,https://iapp.ycrmtzx.com.cn/tv-web/js/tv/iapp/live.html?url=https://iapp.ycrmtzx.com.cn/share/dHZsLTEzNS0z.html
主源,tv.yml,山东,郓城综艺,分享页(base64),https://iapp.ycrmtzx.com.cn/tv-web/js/tv/iapp/live.html?url=https://iapp.ycrmtzx.com.cn/share/dHZsLTEzNS0y.html,https://iapp.ycrmtzx.com.cn/tv-web/js/tv/iapp/live.html?url=https://iapp.ycrmtzx.com.cn/share/dHZsLTEzNS0y.html
主源,tv.yml,山东,金乡综合,分享页(base64),https://iapp.jxrm.net/tv-web/js/tv/iapp/live.html?url=https://iapp.jxrm.net/share/dHZsLTEyOS0y.html,https://iapp.jxrm.net/tv-web/js/tv/iapp/live.html?url=https://iapp.jxrm.net/share/dHZsLTEyOS0y.html
主源,tv.yml,山东,金乡生活,分享页(base64),https://iapp.jxrm.net/tv-web/js/tv/iapp/live.html?url=https://iapp.jxrm.net/share/dHZsLTEyOS00.html,https://iapp.jxrm.net/tv-web/js/tv/iapp/live.html?url=https://iapp.jxrm.net/share/dHZsLTEyOS00.html
主源,tv.yml,山东,梁山综合,分享页(base64),https://iapp.lsrmapp.com/tv-web/js/tv/iapp/live.html?url=https://iapp.lsrmapp.com/share/dHZsLTg5LTE.html,https://iapp.lsrmapp.com/tv-web/js/tv/iapp/live.html?url=https://iapp.lsrmapp.com/share/dHZsLTg5LTE.html
主源,tv.yml,山东,曲阜新闻综合,分享页(base64),https://iapp.jinriqufu.com/tv-web/js/tv/iapp/live.html?url=https://iapp.jinriqufu.com/share/dHZsLTEzLTE.html,https://iapp.jinriqufu.com/tv-web/js/tv/iapp/live.html?url=https://iapp.jinriqufu.com/share/dHZsLTEzLTE.html
主源,tv.yml,山东,任城新闻综合,分享页(base64),https://iapp.rcrmt.cn/tv-web/js/tv/iapp/live.html?url=https://iapp.rcrmt.cn/share/dHZsLTczLTg.html,https://iapp.rcrmt.cn/tv-web/js/tv/iapp/live.html?url=https://iapp.rcrmt.cn/share/dHZsLTczLTg.html
主源,tv.yml,山东,任城影视娱乐,分享页(base64),https://iapp.rcrmt.cn/tv-web/js/tv/iapp/live.html?url=https://iapp.rcrmt.cn/share/dHZsLTczLTk.html,https://iapp.rcrmt.cn/tv-web/js/tv/iapp/live.html?url=https://iapp.rcrmt.cn/share/dHZsLTczLTk.html
主源,tv.yml,山东,泗水新闻综合,分享页(base64),https://iapp.sishuitv.com/tv-web/js/tv/iapp/live.html?url=https://iapp.sishuitv.com/share/dHZsLTExNy01.html,https://iapp.sishuitv.com/tv-web/js/tv/iapp/live.html?url=https://iapp.sishuitv.com/share/dHZsLTExNy01.html
主源,tv.yml,山东,泗水文化生活,分享页(base64),https://iapp.sishuitv.com/tv-web/js/tv/iapp/live.html?url=https://iapp.sishuitv.com/share/dHZsLTExNy02.html,https://iapp.sishuitv.com/tv-web/js/tv/iapp/live.html?url=https://iapp.sishuitv.com/share/dHZsLTExNy02.html
主源,tv.yml,山东,汶上综合,分享页(base64),https://iapp.wstvs.com/tv-web/js/tv/iapp/live.html?url=https://iapp.wstvs.com/share/dHZsLTMwMS0x.html,https://iapp.wstvs.com/tv-web/js/tv/iapp/live.html?url=https://iapp.wstvs.com/share/dHZsLTMwMS0x.html
主源,tv.yml,山东,鱼台新闻,分享页(base64),https://iapp.ytxrmtzx.com/tv-web/js/tv/iapp/live.html?url=https://iapp.ytxrmtzx.com/share/dHZsLTYzLTU.html,https://iapp.ytxrmtzx.com/tv-web/js/tv/iapp/live.html?url=https://iapp.ytxrmtzx.com/share/dHZsLTYzLTU.html
主源,tv.yml,山东,鱼台生活,分享页(base64),https://iapp.ytxrmtzx.com/tv-web/js/tv/iapp/live.html?url=https://iapp.ytxrmtzx.com/share/dHZsLTYzLTE1.html,https://iapp.ytxrmtzx.com/tv-web/js/tv/iapp/live.html?url=https://iapp.ytxrmtzx.com/share/dHZsLTYzLTE1.html
主源,tv.yml,山东,兖州新闻,分享页(base64),https://app.litenews.cn/tv-web/js/tv/iapp/live.html?url=https://app.litenews.cn/share/dHZsLTIzMS0x.html,https://app.litenews.cn/tv-web/js/tv/iapp/live.html?url=https://app.litenews.cn/share/dHZsLTIzMS0x.html
主源,tv.yml,山东,兖州生活,分享页(base64),https://app.litenews.cn/tv-web/js/tv/iapp/live.html?url=https://app.litenews.cn/share/dHZsLTIzMS0z.html,https://app.litenews.cn/tv-web/js/tv/iapp/live.html?url=https://app.litenews.cn/share/dHZsLTIzMS0z.html
主源,tv.yml,山东,茌平综合,分享页(base64),https://iapp.cprmtvs.com/tv-web/js/tv/iapp/live.html?url=https://iapp.cprmtvs.com/share/dHZsLTMxLTY.html,https://iapp.cprmtvs.com/tv-web/js/tv/iapp/live.html?url=https://iapp.cprmtvs.com/share/dHZsLTMxLTY.html
主源,tv.yml,山东,茌平生活,分享页(base64),https://iapp.cprmtvs.com/tv-web/js/tv/iapp/live.html?url=https://iapp.cprmtvs.com/share/dHZsLTMxLTg.html,https://iapp.cprmtvs.com/tv-web/js/tv/iapp/live.html?url=https://iapp.cprmtvs.com/share/dHZsLTMxLTg.html
主源,tv.yml,山东,东昌综合,分享页(base64),https://iapp.dcfrm.cn/tv-web/js/tv/iapp/live.html?url=https://iapp.dcfrm.cn/share/dHZsLTI2NS0x.html,https://iapp.dcfrm.cn/tv-web/js/tv/iapp/live.html?url=https://iapp.dcfrm.cn/share/dHZsLTI2NS0x.html
主源,tv.yml,山东,东阿综合,分享页(base64),https://iapp.decmc.cn/tv-web/js/tv/iapp/live.html?url=https://iapp.decmc.cn/share/dHZsLTk1LTIy.html,https://iapp.decmc.cn/tv-web/js/tv/iapp/live.html?url=https://iapp.decmc.cn/share/dHZsLTk1LTIy.html
主源,tv.yml,山东,东阿综艺,分享页(base64),https://iapp.decmc.cn/tv-web/js/tv/iapp/live.html?url=https://iapp.decmc.cn/share/dHZsLTk1LTI5.html,https://iapp.decmc.cn/tv-web/js/tv/iapp/live.html?url=https://iapp.decmc.cn/share/dHZsLTk1LTI5.html
主源,tv.yml,山东,高唐综合,分享页(base64),https://iapp.gaotangrongmei.com/tv-web/js/tv/iapp/live.html?url=https://iapp.gaotangrongmei.com/share/dHZsLTQzLTE.html,https://iapp.gaotangrongmei.com/tv-web/js/tv/iapp/live.html?url=https://iapp.gaotangrongmei.com/share/dHZsLTQzLTE.html
主源,tv.yml,山东,高唐综艺,分享页(base64),https://iapp.gaotangrongmei.com/tv-web/js/tv/iapp/live.html?url=https://iapp.gaotangrongmei.com/share/dHZsLTQzLTU.html,https://iapp.gaotangrongmei.com/tv-web/js/tv/iapp/live.html?url=https://iapp.gaotangrongmei.com/share/dHZsLTQzLTU.html
主源,tv.yml,山东,冠县综合,分享页(base64),https://iapp.guanxianrongmei.com/tv-web/js/tv/iapp/live.html?url=https://iapp.guanxianrongmei.com/share/dHZsLTc5LTE.html,https://iapp.guanxianrongmei.com/tv-web/js/tv/iapp/live.html?url=https://iapp.guanxianrongmei.com/share/dHZsLTc5LTE.html
主源,tv.yml,山东,临清综合,分享页(base64),https://iapp.lqrmtzx.cn/tv-web/js/tv/iapp/live.html?url=https://iapp.lqrmtzx.cn/share/dHZsLTY1LTI.html,https://iapp.lqrmtzx.cn/tv-web/js/tv/iapp/live.html?url=https://iapp.lqrmtzx.cn/share/dHZsLTY1LTI.html
主源,tv.yml,山东,临清经济信息,分享页(base64),https://iapp.lqrmtzx.cn/tv-web/js/tv/iapp/live.html?url=https://iapp.lqrmtzx.cn/share/dHZsLTY1LTU.html,https://iapp.lqrmtzx.cn/tv-web/js/tv/iapp/live.html?url=https://iapp.lqrmtzx.cn/share/dHZsLTY1LTU.html
主源,tv.yml,山东,费县综合,分享页(base64),https://iapp.feixianshoufa.cn/tv-web/js/tv/iapp/live.html?url=https://iapp.feixianshoufa.cn/share/dHZsLTQxLTExOQ.html,https://iapp.feixianshoufa.cn/tv-web/js/tv/iapp/live.html?url=https://iapp.feixianshoufa.cn/share/dHZsLTQxLTExOQ.html
主源,tv.yml,山东,费县生活,分享页(base64),https://iapp.feixianshoufa.cn/tv-web/js/tv/iapp/live.html?url=https://iapp.feixianshoufa.cn/share/dHZsLTQxLTExNw.html,https://iapp.feixianshoufa.cn/tv-web/js/tv/iapp/live.html?url=https://iapp.feixianshoufa.cn/share/dHZsLTQxLTExNw.html
主源,tv.yml,山东,河东综合,分享页(base64),https://iapp.lyhedong.com/tv-web/js/tv/iapp/live.html?url=https://iapp.lyhedong.com/share/dHZsLTE5MS0x.html,https://iapp.lyhedong.com/tv-web/js/tv/iapp/live.html?url=https://iapp.lyhedong.com/share/dHZsLTE5MS0x.html
主源,tv.yml,山东,河东影视,分享页(base64),https://iapp.lyhedong.com/tv-web/js/tv/iapp/live.html?url=https://iapp.lyhedong.com/share/dHZsLTE5MS0y.html,https://iapp.lyhedong.com/tv-web/js/tv/iapp/live.html?url=https://iapp.lyhedong.com/share/dHZsLTE5MS0y.html
主源,tv.yml,山东,莒南综合,分享页(base64),https://iapp.junanrongmei.cn/tv-web/js/tv/iapp/live.html?url=https://iapp.junanrongmei.cn/share/dHZsLTEwNS00.html,https://iapp.junanrongmei.cn/tv-web/js/tv/iapp/live.html?url=https://iapp.junanrongmei.cn/share/dHZsLTEwNS00.html
主源,tv.yml,山东,莒南影视,分享页(base64),https://iapp.junanrongmei.cn/tv-web/js/tv/iapp/live.html?url=https://iapp.junanrongmei.cn/share/dHZsLTEwNS01.html,https://iapp.junanrongmei.cn/tv-web/js/tv/iapp/live.html?url=https://iapp.junanrongmei.cn/share/dHZsLTEwNS01.html
主源,tv.yml,山东,兰陵综合频道,抽流页(js),https://app.litenews.cn/tv-web/js/tv/iapp2/live.html?orgId=113&id=131,https://app.litenews.cn/tv-web/js/tv/iapp2/live.html?orgId=113&id=131
主源,tv.yml,山东,兰陵公共频道,抽流页(js),https://app.litenews.cn/tv-web/js/tv/iapp2/live.html?orgId=113&id=133,https://app.litenews.cn/tv-web/js/tv/iapp2/live.html?orgId=113&id=133
主源,tv.yml,山东,兰山综合,分享页(base64),https://iapp.lylsrm.cn/tv-web/js/tv/iapp/live.html?url=https://iapp.lylsrm.cn/share/dHZsLTIwMS0x.html,https://iapp.lylsrm.cn/tv-web/js/tv/iapp/live.html?url=https://iapp.lylsrm.cn/share/dHZsLTIwMS0x.html
主源,tv.yml,山东,临沭综合,分享页(base64),https://iapp.sdlsrm.com/tv-web/js/tv/iapp/live.html?url=https://iapp.sdlsrm.com/share/dHZsLTE2Ny0z.html,https://iapp.sdlsrm.com/tv-web/js/tv/iapp/live.html?url=https://iapp.sdlsrm.com/share/dHZsLTE2Ny0z.html
主源,tv.yml,山东,临沭生活,分享页(base64),https://iapp.sdlsrm.com/tv-web/js/tv/iapp/live.html?url=https://iapp.sdlsrm.com/share/dHZsLTE2Ny00.html,https://iapp.sdlsrm.com/tv-web/js/tv/iapp/live.html?url=https://iapp.sdlsrm.com/share/dHZsLTE2Ny00.html
主源,tv.yml,山东,罗庄综合,分享页(base64),https://iapp.luozhuangshoufa.cn/tv-web/js/tv/iapp/live.html?url=https://iapp.luozhuangshoufa.cn/share/dHZsLTE0Ny0x.html,https://iapp.luozhuangshoufa.cn/tv-web/js/tv/iapp/live.html?url=https://iapp.luozhuangshoufa.cn/share/dHZsLTE0Ny0x.html
主源,tv.yml,山东,罗庄影视,分享页(base64),https://iapp.luozhuangshoufa.cn/tv-web/js/tv/iapp/live.html?url=https://iapp.luozhuangshoufa.cn/share/dHZsLTE0Ny0xNw.html,https://iapp.luozhuangshoufa.cn/tv-web/js/tv/iapp/live.html?url=https://iapp.luozhuangshoufa.cn/share/dHZsLTE0Ny0xNw.html
主源,tv.yml,山东,蒙阴综合,分享页(base64),https://iapp.mengyinshoufa.com/tv-web/js/tv/iapp/live.html?url=https://iapp.mengyinshoufa.com/share/dHZsLTE2MS0xMw.html,https://iapp.mengyinshoufa.com/tv-web/js/tv/iapp/live.html?url=https://iapp.mengyinshoufa.com/share/dHZsLTE2MS0xMw.html
主源,tv.yml,山东,蒙阴2套,分享页(base64),https://iapp.mengyinshoufa.com/tv-web/js/tv/iapp/live.html?url=https://iapp.mengyinshoufa.com/share/dHZsLTE2MS0xNQ.html,https://iapp.mengyinshoufa.com/tv-web/js/tv/iapp/live.html?url=https://iapp.mengyinshoufa.com/share/dHZsLTE2MS0xNQ.html
主源,tv.yml,山东,平邑综合,分享页(base64),https://iapp.pyxrmt.com.cn/tv-web/js/tv/iapp/live.html?url=https://iapp.pyxrmt.com.cn/share/dHZsLTM0NS00.html,https://iapp.pyxrmt.com.cn/tv-web/js/tv/iapp/live.html?url=https://iapp.pyxrmt.com.cn/share/dHZsLTM0NS00.html
主源,tv.yml,山东,平邑生活,分享页(base64),https://iapp.pyxrmt.com.cn/tv-web/js/tv/iapp/live.html?url=https://iapp.pyxrmt.com.cn/share/dHZsLTM0NS0xNA.html,https://iapp.pyxrmt.com.cn/tv-web/js/tv/iapp/live.html?url=https://iapp.pyxrmt.com.cn/share/dHZsLTM0NS0xNA.html
主源,tv.yml,山东,郯城综合,分享页(base64),https://iapp.tanchengtv.com/tv-web/js/tv/iapp/live.html?url=https://iapp.tanchengtv.com/share/dHZsLTgzLTE.html,https://iapp.tanchengtv.com/tv-web/js/tv/iapp/live.html?url=https://iapp.tanchengtv.com/share/dHZsLTgzLTE.html
主源,tv.yml,山东,郯城2套,分享页(base64),https://iapp.tanchengtv.com/tv-web/js/tv/iapp/live.html?url=https://iapp.tanchengtv.com/share/dHZsLTgzLTI.html,https://iapp.tanchengtv.com/tv-web/js/tv/iapp/live.html?url=https://iapp.tanchengtv.com/share/dHZsLTgzLTI.html
主源,tv.yml,山东,沂南综合,分享页(base64),https://iapp.12345yinanshoufa.cn/tv-web/js/tv/iapp/live.html?url=https://iapp.12345yinanshoufa.cn/share/dHZsLTE3Ny02.html,https://iapp.12345yinanshoufa.cn/tv-web/js/tv/iapp/live.html?url=https://iapp.12345yinanshoufa.cn/share/dHZsLTE3Ny02.html
主源,tv.yml,山东,沂南红色影视,分享页(base64),https://iapp.12345yinanshoufa.cn/tv-web/js/tv/iapp/live.html?url=https://iapp.12345yinanshoufa.cn/share/dHZsLTE3Ny03.html,https://iapp.12345yinanshoufa.cn/tv-web/js/tv/iapp/live.html?url=https://iapp.12345yinanshoufa.cn/share/dHZsLTE3Ny03.html
主源,tv.yml,山东,沂水综合,分享页(base64),https://app.litenews.cn/tv-web/js/tv/iapp/live.html?url=https://app.litenews.cn/share/dHZsLTE0NS0x.html,https://app.litenews.cn/tv-web/js/tv/iapp/live.html?url=https://app.litenews.cn/share/dHZsLTE0NS0x.html
主源,tv.yml,山东,沂水生活,分享页(base64),https://app.litenews.cn/tv-web/js/tv/iapp/live.html?url=https://app.litenews.cn/share/dHZsLTE0NS0y.html,https://app.litenews.cn/tv-web/js/tv/iapp/live.html?url=https://app.litenews.cn/share/dHZsLTE0NS0y.html
主源,tv.yml,山东,莒县综合,分享页(base64),https://iapp.jxrmtzx.cn/tv-web/js/tv/iapp/live.html?url=https://iapp.jxrmtzx.cn/share/dHZsLTE1OS0yMw.html,https://iapp.jxrmtzx.cn/tv-web/js/tv/iapp/live.html?url=https://iapp.jxrmtzx.cn/share/dHZsLTE1OS0yMw.html
主源,tv.yml,山东,莒县2套,分享页(base64),https://iapp.jxrmtzx.cn/tv-web/js/tv/iapp/live.html?url=https://iapp.jxrmtzx.cn/share/dHZsLTE1OS0yNw.html,https://iapp.jxrmtzx.cn/tv-web/js/tv/iapp/live.html?url=https://iapp.jxrmtzx.cn/share/dHZsLTE1OS0yNw.html
主源,tv.yml,山东,五莲综合,分享页(base64),https://iapp.wltvlive.cn/tv-web/js/tv/iapp/live.html?url=https://iapp.wltvlive.cn/share/dHZsLTI5OS0xMA.html,https://iapp.wltvlive.cn/tv-web/js/tv/iapp/live.html?url=https://iapp.wltvlive.cn/share/dHZsLTI5OS0xMA.html
主源,tv.yml,山东,五莲文化旅游,分享页(base64),https://iapp.wltvlive.cn/tv-web/js/tv/iapp/live.html?url=https://iapp.wltvlive.cn/share/dHZsLTI5OS0xMg.html,https://iapp.wltvlive.cn/tv-web/js/tv/iapp/live.html?url=https://iapp.wltvlive.cn/share/dHZsLTI5OS0xMg.html
主源,tv.yml,山东,东平综合,分享页(base64),https://iapp.dpsjt.cn/tv-web/js/tv/iapp/live.html?url=https://iapp.dpsjt.cn/share/dHZsLTE4Ny05.html,https://iapp.dpsjt.cn/tv-web/js/tv/iapp/live.html?url=https://iapp.dpsjt.cn/share/dHZsLTE4Ny05.html
主源,tv.yml,山东,东平民生,分享页(base64),https://iapp.dpsjt.cn/tv-web/js/tv/iapp/live.html?url=https://iapp.dpsjt.cn/share/dHZsLTE4Ny0xMQ.html,https://iapp.dpsjt.cn/tv-web/js/tv/iapp/live.html?url=https://iapp.dpsjt.cn/share/dHZsLTE4Ny0xMQ.html
主源,tv.yml,山东,岱岳TV,分享页(base64),https://iapp.daiyuerongmei.cn/tv-web/js/tv/iapp/live.html?url=https://iapp.daiyuerongmei.cn/share/dHZsLTI5My0x.html,https://iapp.daiyuerongmei.cn/tv-web/js/tv/iapp/live.html?url=https://iapp.daiyuerongmei.cn/share/dHZsLTI5My0x.html
主源,tv.yml,山东,肥城生活,分享页(base64),https://iapp.fcrmt.cn/tv-web/js/tv/iapp/live.html?url=https://iapp.fcrmt.cn/share/dHZsLTUxLTY.html,https://iapp.fcrmt.cn/tv-web/js/tv/iapp/live.html?url=https://iapp.fcrmt.cn/share/dHZsLTUxLTY.html
主源,tv.yml,山东,宁阳综合,分享页(base64),https://iapp.nyxrmtzx.cn/tv-web/js/tv/iapp/live.html?url=https://iapp.nyxrmtzx.cn/share/dHZsLTEyMy0x.html,https://iapp.nyxrmtzx.cn/tv-web/js/tv/iapp/live.html?url=https://iapp.nyxrmtzx.cn/share/dHZsLTEyMy0x.html
主源,tv.yml,山东,宁阳2套,分享页(base64),https://iapp.nyxrmtzx.cn/tv-web/js/tv/iapp/live.html?url=https://iapp.nyxrmtzx.cn/share/dHZsLTEyMy03.html,https://iapp.nyxrmtzx.cn/tv-web/js/tv/iapp/live.html?url=https://iapp.nyxrmtzx.cn/share/dHZsLTEyMy03.html
主源,tv.yml,山东,泰山TV,分享页(base64),https://iapp.tsqrmtzx.cn/tv-web/js/tv/iapp/live.html?url=https://iapp.tsqrmtzx.cn/share/dHZsLTI2My0x.html,https://iapp.tsqrmtzx.cn/tv-web/js/tv/iapp/live.html?url=https://iapp.tsqrmtzx.cn/share/dHZsLTI2My0x.html
主源,tv.yml,山东,新泰综合,分享页(base64),https://iapp.xintairongmei.cn/tv-web/js/tv/iapp/live.html?url=https://iapp.xintairongmei.cn/share/dHZsLTU5LTI.html,https://iapp.xintairongmei.cn/tv-web/js/tv/iapp/live.html?url=https://iapp.xintairongmei.cn/share/dHZsLTU5LTI.html
主源,tv.yml,山东,新泰乡村,分享页(base64),https://iapp.xintairongmei.cn/tv-web/js/tv/iapp/live.html?url=https://iapp.xintairongmei.cn/share/dHZsLTU5LTM.html,https://iapp.xintairongmei.cn/tv-web/js/tv/iapp/live.html?url=https://iapp.xintairongmei.cn/share/dHZsLTU5LTM.html
主源,tv.yml,山东,威海新闻综合,分享页(base64),https://iapp.weihai.tv/tv-web/js/tv/iapp/live.html?url=https://iapp.weihai.tv/share/dHZsLTE1Ny0x.html,https://iapp.weihai.tv/tv-web/js/tv/iapp/live.html?url=https://iapp.weihai.tv/share/dHZsLTE1Ny0x.html
主源,tv.yml,山东,威海都市生活,分享页(base64),https://iapp.weihai.tv/tv-web/js/tv/iapp/live.html?url=https://iapp.weihai.tv/share/dHZsLTE1Ny0z.html,https://iapp.weihai.tv/tv-web/js/tv/iapp/live.html?url=https://iapp.weihai.tv/share/dHZsLTE1Ny0z.html
主源,tv.yml,山东,威海海洋,分享页(base64),https://iapp.weihai.tv/tv-web/js/tv/iapp/live.html?url=https://iapp.weihai.tv/share/dHZsLTE1Ny0xMg.html,https://iapp.weihai.tv/tv-web/js/tv/iapp/live.html?url=https://iapp.weihai.tv/share/dHZsLTE1Ny0xMg.html
主源,tv.yml,山东,威海环翠综合,分享页(base64),https://iapp.whhccm.cn/tv-web/js/tv/iapp/live.html?url=https://iapp.whhccm.cn/share/dHZsLTIxMy01.html,https://iapp.whhccm.cn/tv-web/js/tv/iapp/live.html?url=https://iapp.whhccm.cn/share/dHZsLTIxMy01.html
主源,tv.yml,山东,荣成综合,分享页(base64),https://iapp.rcsrmtzx.cn/tv-web/js/tv/iapp/live.html?url=https://iapp.rcsrmtzx.cn/share/dHZsLTc3LTEw.html,https://iapp.rcsrmtzx.cn/tv-web/js/tv/iapp/live.html?url=https://iapp.rcsrmtzx.cn/share/dHZsLTc3LTEw.html
主源,tv.yml,山东,荣成生活,分享页(base64),https://iapp.rcsrmtzx.cn/tv-web/js/tv/iapp/live.html?url=https://iapp.rcsrmtzx.cn/share/dHZsLTc3LTEx.html,https://iapp.rcsrmtzx.cn/tv-web/js/tv/iapp/live.html?url=https://iapp.rcsrmtzx.cn/share/dHZsLTc3LTEx.html
主源,tv.yml,山东,乳山综合,分享页(base64),https://iapp.rushanrongmei.cn/tv-web/js/tv/iapp/live.html?url=https://iapp.rushanrongmei.cn/share/dHZsLTE0My04.html,https://iapp.rushanrongmei.cn/tv-web/js/tv/iapp/live.html?url=https://iapp.rushanrongmei.cn/share/dHZsLTE0My04.html
主源,tv.yml,山东,乳山生活,分享页(base64),https://iapp.rushanrongmei.cn/tv-web/js/tv/iapp/live.html?url=https://iapp.rushanrongmei.cn/share/dHZsLTE0My05.html,https://iapp.rushanrongmei.cn/tv-web/js/tv/iapp/live.html?url=https://iapp.rushanrongmei.cn/share/dHZsLTE0My05.html
主源,tv.yml,山东,文登TV1,分享页(base64),https://iapp.wendengsf.com/tv-web/js/tv/iapp/live.html?url=https://iapp.wendengsf.com/share/dHZsLTkxLTc.html,https://iapp.wendengsf.com/tv-web/js/tv/iapp/live.html?url=https://iapp.wendengsf.com/share/dHZsLTkxLTc.html
主源,tv.yml,山东,文登TV2,分享页(base64),https://iapp.wendengsf.com/tv-web/js/tv/iapp/live.html?url=https://iapp.wendengsf.com/share/dHZsLTkxLTg.html,https://iapp.wendengsf.com/tv-web/js/tv/iapp/live.html?url=https://iapp.wendengsf.com/share/dHZsLTkxLTg.html
主源,tv.yml,山西,山西卫视,网页,https://apphhplushttps.sxrtv.com//television/live_wap_650.html,https://apphhplushttps.sxrtv.com//television/live_wap_650.html
主源,tv.yml,山西,黄河,网页,https://apphhplushttps.sxrtv.com//television/live_wap_651.html,https://apphhplushttps.sxrtv.com//television/live_wap_651.html
主源,tv.yml,山西,山西经济与科技,网页,https://apphhplushttps.sxrtv.com//television/live_wap_653.html,https://apphhplushttps.sxrtv.com//television/live_wap_653.html
主源,tv.yml,山西,山西影视,网页,https://apphhplushttps.sxrtv.com//television/live_wap_654.html,https://apphhplushttps.sxrtv.com//television/live_wap_654.html
主源,tv.yml,山西,山西社会与法治,网页,https://apphhplushttps.sxrtv.com//television/live_wap_655.html,https://apphhplushttps.sxrtv.com//television/live_wap_655.html
主源,tv.yml,山西,山西文体生活,网页,https://apphhplushttps.sxrtv.com//television/live_wap_656.html,https://apphhplushttps.sxrtv.com//television/live_wap_656.html
主源,tv.yml,山西,太原新闻综合,网页,https://apphhplushttps.sxrtv.com//a/b/a/live_wap_811850.html,https://apphhplushttps.sxrtv.com//a/b/a/live_wap_811850.html
主源,tv.yml,山西,大同新闻综合,网页,http://share.dtradio.com.cn/?_hgOutLink=live/livedetail&channel_id=16,http://share.dtradio.com.cn/?_hgOutLink=live/livedetail&channel_id=16
主源,tv.yml,山西,大同公共,网页,http://share.dtradio.com.cn/?_hgOutLink=live/livedetail&channel_id=8,http://share.dtradio.com.cn/?_hgOutLink=live/livedetail&channel_id=8
主源,tv.yml,山西,大同生活,网页,http://share.dtradio.com.cn/?_hgOutLink=live/livedetail&channel_id=9,http://share.dtradio.com.cn/?_hgOutLink=live/livedetail&channel_id=9
主源,tv.yml,山西,朔州新闻综合,网页,https://apphhplushttps.sxrtv.com//a/b/a/live_wap_811845.html,https://apphhplushttps.sxrtv.com//a/b/a/live_wap_811845.html
主源,tv.yml,山西,山西影视,网页,https://apphhplushttps.sxrtv.com//television/live_wap_654.html,https://apphhplushttps.sxrtv.com//television/live_wap_654.html
主源,tv.yml,山西,忻州综合,网页,https://apphhplushttps.sxrtv.com//a/b/a/live_wap_811842.html,https://apphhplushttps.sxrtv.com//a/b/a/live_wap_811842.html
主源,tv.yml,山西,阳泉新闻综合,网页,https://apphhplushttps.sxrtv.com//a/b/a/live_wap_811848.html,https://apphhplushttps.sxrtv.com//a/b/a/live_wap_811848.html
主源,tv.yml,山西,阳泉科教,网页,http://share.yqrtv.com/?_hgOutLink=live/livedetail&channel_id=11,http://share.yqrtv.com/?_hgOutLink=live/livedetail&channel_id=11
主源,tv.yml,山西,吕梁新闻综合,网页,https://apphhplushttps.sxrtv.com//a/b/a/live_wap_811840.html,https://apphhplushttps.sxrtv.com//a/b/a/live_wap_811840.html
主源,tv.yml,山西,吕梁影视生活,网页,https://web.guangdianyun.tv/tv/2653?uin=2268,https://web.guangdianyun.tv/tv/2653?uin=2268
主源,tv.yml,山西,晋中综合,网页,https://apphhplushttps.sxrtv.com//a/b/a/live_wap_811844.html,https://apphhplushttps.sxrtv.com//a/b/a/live_wap_811844.html
主源,tv.yml,山西,晋中公共,网页,https://app.jztvnews.cn//television/live_wap_12442.html,https://app.jztvnews.cn//television/live_wap_12442.html
主源,tv.yml,山西,长治新闻综合,网页,https://apphhplushttps.sxrtv.com//a/b/a/live_wap_811847.html,https://apphhplushttps.sxrtv.com//a/b/a/live_wap_811847.html
主源,tv.yml,山西,晋城新闻综合,网页,https://apphhplushttps.sxrtv.com//a/b/a/live_wap_811846.html,https://apphhplushttps.sxrtv.com//a/b/a/live_wap_811846.html
主源,tv.yml,山西,临汾综合,网页,https://apphhplushttps.sxrtv.com//a/b/a/live_wap_811841.html,https://apphhplushttps.sxrtv.com//a/b/a/live_wap_811841.html
主源,tv.yml,山西,运城综合,网页,https://apphhplushttps.sxrtv.com//a/b/a/live_wap_811843.html,https://apphhplushttps.sxrtv.com//a/b/a/live_wap_811843.html
主源,tv.yml,山西,吕梁综合,网页,https://www.sxrtv.com/tv/index.shtml?u-link=1,https://www.sxrtv.com/tv/index.shtml?u-link=1
主源,tv.yml,山西,太原城市生活,直连流,https://tytv-hls.sxtygdy.com/i88rmGU/500/j4id80m.m3u8,https://tytv-hls.sxtygdy.com/i88rmGU/500/j4id80m.m3u8
主源,tv.yml,山西,太原教育,直连流,https://tytv-hls.sxtygdy.com/g4XtSCF/500/n0gdX0S.m3u8,https://tytv-hls.sxtygdy.com/g4XtSCF/500/n0gdX0S.m3u8
主源,tv.yml,山西,太原社教法制,直连流,https://tytv-hls.sxtygdy.com/phsry3e/500/m29pd10.m3u8,https://tytv-hls.sxtygdy.com/phsry3e/500/m29pd10.m3u8
主源,tv.yml,山西,太原经济生活,直连流,https://tytv-hls.sxtygdy.com/u8BmT6h/500/wrudB0T.m3u8,https://tytv-hls.sxtygdy.com/u8BmT6h/500/wrudB0T.m3u8
主源,tv.yml,山西,朔州综合,网页,https://www.sxrtv.com/tv/index.shtml?u-link=1,https://www.sxrtv.com/tv/index.shtml?u-link=1
主源,tv.yml,浙江,浙江卫视,网页,https://www.cztv.com/liveTV/101,https://www.cztv.com/liveTV/101
主源,tv.yml,浙江,浙江钱江都市,网页,https://www.cztv.com/liveTV/102,https://www.cztv.com/liveTV/102
主源,tv.yml,浙江,浙江经济生活,网页,https://www.cztv.com/liveTV/103,https://www.cztv.com/liveTV/103
主源,tv.yml,浙江,浙江教科影视,网页,https://www.cztv.com/liveTV/104,https://www.cztv.com/liveTV/104
主源,tv.yml,浙江,浙江民生休闲,网页,https://www.cztv.com/liveTV/106,https://www.cztv.com/liveTV/106
主源,tv.yml,浙江,浙江新闻,网页,https://www.cztv.com/liveTV/107,https://www.cztv.com/liveTV/107
主源,tv.yml,浙江,浙江国际,网页,https://www.cztv.com/liveTV/110,https://www.cztv.com/liveTV/110
主源,tv.yml,浙江,浙江好易购,网页,https://www.cztv.com/liveTV/111,https://www.cztv.com/liveTV/111
主源,tv.yml,浙江,浙江之江纪录,网页,https://www.cztv.com/liveTV/112,https://www.cztv.com/liveTV/112
主源,tv.yml,浙江,杭州综合,网页,https://tv.hoolo.tv/hzzh/,https://tv.hoolo.tv/hzzh/
主源,tv.yml,浙江,杭州西湖明珠,网页,https://tv.hoolo.tv/xhmz/,https://tv.hoolo.tv/xhmz/
主源,tv.yml,浙江,杭州生活,网页,https://tv.hoolo.tv/hzsh/,https://tv.hoolo.tv/hzsh/
主源,tv.yml,浙江,杭州影视,网页,https://tv.hoolo.tv/utv/,https://tv.hoolo.tv/utv/
主源,tv.yml,浙江,杭州青少体育,网页,https://tv.hoolo.tv/hzse/,https://tv.hoolo.tv/hzse/
主源,tv.yml,浙江,杭州文化,网页,https://tv.hoolo.tv/whpd/,https://tv.hoolo.tv/whpd/
主源,tv.yml,浙江,宁波新闻综合,网页,https://www.ncmc.nbtv.cn/gbds/folder8458/NBTV1/index.shtml,https://www.ncmc.nbtv.cn/gbds/folder8458/NBTV1/index.shtml
主源,tv.yml,浙江,宁波新闻综合,网页,https://www.ncmc.nbtv.cn/gbds/folder8458/NBTV2/index.shtml,https://www.ncmc.nbtv.cn/gbds/folder8458/NBTV2/index.shtml
主源,tv.yml,浙江,宁波都市文体,网页,https://www.ncmc.nbtv.cn/gbds/folder8458/NBTV3/index.shtml,https://www.ncmc.nbtv.cn/gbds/folder8458/NBTV3/index.shtml
主源,tv.yml,浙江,宁波影视剧,网页,https://www.ncmc.nbtv.cn/gbds/folder8458/NBTV4/index.shtml,https://www.ncmc.nbtv.cn/gbds/folder8458/NBTV4/index.shtml
主源,tv.yml,浙江,奉化新闻综合,网页,https://web.guangdianyun.tv/tv/3152?uin=3512,https://web.guangdianyun.tv/tv/3152?uin=3512
主源,tv.yml,浙江,杭州移动电视,网页,https://tv.hoolo.tv/ydds/,https://tv.hoolo.tv/ydds/
主源,tv.yml,浙江,绍兴公共,网页,https://www.shaoxing.com.cn/app/tv/78?u-link=1,https://www.shaoxing.com.cn/app/tv/78?u-link=1
主源,tv.yml,浙江,绍兴文化影视,网页,https://www.shaoxing.com.cn/app/tv/75?u-link=1,https://www.shaoxing.com.cn/app/tv/75?u-link=1
主源,tv.yml,浙江,绍兴新闻综合,网页,https://www.shaoxing.com.cn/app/tv/74?u-link=1,https://www.shaoxing.com.cn/app/tv/74?u-link=1
主源,tv.yml,安徽,安徽卫视,网页,https://www.ahtv.cn/folder9000/folder20193?channelIndex=0,https://www.ahtv.cn/folder9000/folder20193?channelIndex=0
主源,tv.yml,安徽,安徽经济生活,网页,https://www.ahtv.cn/folder9000/folder20193?channelIndex=1,https://www.ahtv.cn/folder9000/folder20193?channelIndex=1
主源,tv.yml,安徽,安徽综艺·体育,网页,https://www.ahtv.cn/folder9000/folder20193?channelIndex=2,https://www.ahtv.cn/folder9000/folder20193?channelIndex=2
主源,tv.yml,安徽,安徽国际,网页,https://www.ahtv.cn/folder9000/folder20193?channelIndex=6,https://www.ahtv.cn/folder9000/folder20193?channelIndex=6
主源,tv.yml,安徽,安徽综艺,网页,https://www.ahtv.cn/folder9000/folder20193?channelIndex=2,https://www.ahtv.cn/folder9000/folder20193?channelIndex=2
主源,tv.yml,安徽,安徽影视,网页,https://www.ahtv.cn/folder9000/folder20193?channelIndex=3,https://www.ahtv.cn/folder9000/folder20193?channelIndex=3
主源,tv.yml,安徽,安徽公共,网页,https://www.ahtv.cn/folder9000/folder20193?channelIndex=4,https://www.ahtv.cn/folder9000/folder20193?channelIndex=4
主源,tv.yml,安徽,安徽农业·科教,网页,https://www.ahtv.cn/folder9000/folder20193?channelIndex=5,https://www.ahtv.cn/folder9000/folder20193?channelIndex=5
主源,tv.yml,安徽,安徽移动电视,网页,https://www.ahtv.cn/folder9000/folder20193?channelIndex=7,https://www.ahtv.cn/folder9000/folder20193?channelIndex=7
主源,tv.yml,安徽,阜阳新闻综合,网页,https://web.guangdianyun.tv/tv/2851?uin=2577,https://web.guangdianyun.tv/tv/2851?uin=2577
主源,tv.yml,安徽,阜阳教育,网页,https://web.guangdianyun.tv/tv/2852?uin=2577,https://web.guangdianyun.tv/tv/2852?uin=2577
主源,tv.yml,安徽,阜阳生活,网页,https://web.guangdianyun.tv/tv/2853?uin=2577,https://web.guangdianyun.tv/tv/2853?uin=2577
主源,tv.yml,安徽,阜阳都市文艺,网页,https://web.guangdianyun.tv/tv/2854?uin=2577,https://web.guangdianyun.tv/tv/2854?uin=2577
主源,tv.yml,安徽,芜湖新闻综合,网页,https://www.wuhubtv.com/folder1194/,https://www.wuhubtv.com/folder1194/
主源,tv.yml,安徽,芜湖生活,网页,https://www.wuhubtv.com/folder1194/?ujs=JCQoJy5uYXZMaXN0IGFbdGl0bGU9IueUn+a0u+mikemBkyJdJykuY2xpY2soKQ==,https://www.wuhubtv.com/folder1194/?ujs=JCQoJy5uYXZMaXN0IGFbdGl0bGU9IueUn+a0u+mikemBkyJdJykuY2xpY2soKQ==
主源,tv.yml,安徽,亳州综合,网页,https://www.ahbztv.com/televisi0n.html,https://www.ahbztv.com/televisi0n.html
主源,tv.yml,安徽,亳州农村,网页,https://www.ahbztv.com/televisi0n.html?ujs=JCQoJyNjaGFubmVsIC5zd2lwZXItc2xpZGUnKS5maWx0ZXIoZnVuY3Rpb24oKSB7cmV0dXJuICQkKHRoaXMpLnRleHQoKS50cmltKCkgPT09ICflhpzmnZHpopHpgZMnO30pLmNsaWNrKCk=,https://www.ahbztv.com/televisi0n.html?ujs=JCQoJyNjaGFubmVsIC5zd2lwZXItc2xpZGUnKS5maWx0ZXIoZnVuY3Rpb24oKSB7cmV0dXJuICQkKHRoaXMpLnRleHQoKS50cmltKCkgPT09ICflhpzmnZHpopHpgZMnO30pLmNsaWNrKCk=
主源,tv.yml,安徽,淮北新闻综合,直连流(内嵌),https://tv.utao.tv/tv-web/live.html?url=https://vms-x.hbnews.net/video/xwzh/index.m3u8,https://vms-x.hbnews.net/video/xwzh/index.m3u8
主源,tv.yml,安徽,淮北经济生活,直连流(内嵌),https://tv.utao.tv/tv-web/live.html?url=https://vms-x.hbnews.net/video/JJSH/index.m3u8,https://vms-x.hbnews.net/video/JJSH/index.m3u8
主源,tv.yml,安徽,宿州新闻综合,直连流(内嵌),https://tv.utao.tv/tv-web/live.html?url=https://live.ahsz.tv/video/s10001-szzh/index.m3u8,https://live.ahsz.tv/video/s10001-szzh/index.m3u8
主源,tv.yml,安徽,宿州科教生活,直连流(内嵌),https://tv.utao.tv/tv-web/live.html?url=https://live.ahsz.tv/video/s10001-kxjy/index.m3u8,https://live.ahsz.tv/video/s10001-kxjy/index.m3u8
主源,tv.yml,安徽,合肥教育法治,网页,https://app.hfbtc.cn/shows/2/4.html,https://app.hfbtc.cn/shows/2/4.html
主源,tv.yml,安徽,合肥新闻,网页,https://app.hfbtc.cn/shows/2/1.html,https://app.hfbtc.cn/shows/2/1.html
主源,tv.yml,安徽,合肥生活,网页,https://app.hfbtc.cn/shows/2/2.html,https://app.hfbtc.cn/shows/2/2.html
主源,tv.yml,安徽,合肥科创,网页,https://app.hfbtc.cn/shows/2/3.html,https://app.hfbtc.cn/shows/2/3.html
主源,tv.yml,安徽,黄山文旅,网页,http://www.hsnewsnet.com/web/tvlife/,http://www.hsnewsnet.com/web/tvlife/
主源,tv.yml,安徽,黄山新闻综合,网页,http://www.hsnewsnet.com/web/tvnews/,http://www.hsnewsnet.com/web/tvnews/
主源,tv.yml,江苏,江苏卫视,网页,https://live.jstv.com/?tag=江苏卫视,https://live.jstv.com/?tag=江苏卫视
主源,tv.yml,江苏,江苏卫视4K超高清,网页,https://live.jstv.com/?tag=江苏卫视4K超高清,https://live.jstv.com/?tag=江苏卫视4K超高清
主源,tv.yml,江苏,江苏综艺,网页,https://live.jstv.com/?tag=江苏综艺,https://live.jstv.com/?tag=江苏综艺
主源,tv.yml,江苏,江苏新闻,网页,https://live.jstv.com/?tag=江苏新闻,https://live.jstv.com/?tag=江苏新闻
主源,tv.yml,江苏,江苏城市,网页,https://live.jstv.com/?tag=江苏城市,https://live.jstv.com/?tag=江苏城市
主源,tv.yml,江苏,江苏影视,网页,https://live.jstv.com/?tag=江苏影视,https://live.jstv.com/?tag=江苏影视
主源,tv.yml,江苏,江苏教育,网页,https://live.jstv.com/?tag=江苏教育,https://live.jstv.com/?tag=江苏教育
主源,tv.yml,江苏,江苏体育·休闲,网页,https://live.jstv.com/?tag=体育休闲,https://live.jstv.com/?tag=体育休闲
主源,tv.yml,江苏,江苏国际,网页,https://live.jstv.com/?tag=江苏国际,https://live.jstv.com/?tag=江苏国际
主源,tv.yml,江苏,苏州新闻综合,直连流(内嵌),https://tv.utao.tv/tv-web/live.html?url=https://live-auth.51kandianshi.com/szgd/csztv1.m3u8,https://live-auth.51kandianshi.com/szgd/csztv1.m3u8
主源,tv.yml,江苏,苏州社会经济,直连流(内嵌),https://tv.utao.tv/tv-web/live.html?url=https://live-auth.51kandianshi.com/szgd/csztv2.m3u8,https://live-auth.51kandianshi.com/szgd/csztv2.m3u8
主源,tv.yml,江苏,苏州电影娱乐,直连流(内嵌),https://tv.utao.tv/tv-web/live.html?url=https://live-auth.51kandianshi.com/szgd/csztv4.m3u8,https://live-auth.51kandianshi.com/szgd/csztv4.m3u8
主源,tv.yml,江苏,苏州生活资讯,直连流(内嵌),https://tv.utao.tv/tv-web/live.html?url=https://live-auth.51kandianshi.com/szgd/csztv5.m3u8,https://live-auth.51kandianshi.com/szgd/csztv5.m3u8
主源,tv.yml,江苏,苏州4K,直连流(内嵌),https://tv.utao.tv/tv-web/live.html?url=https://live-auth.51kandianshi.com/szgd/csztv4k_4k.m3u8,https://live-auth.51kandianshi.com/szgd/csztv4k_4k.m3u8
主源,tv.yml,江苏,南京新闻综合,网页,https://www.nbs.cn/live/?id=109152,https://www.nbs.cn/live/?id=109152
主源,tv.yml,江苏,南京十八·生活,网页,https://www.nbs.cn/live/?id=110094,https://www.nbs.cn/live/?id=110094
主源,tv.yml,江苏,南京教科,网页,https://www.nbs.cn/live/?id=109153,https://www.nbs.cn/live/?id=109153
主源,tv.yml,江苏,南京文旅纪录,网页,https://www.nbs.cn/live/?id=110093,https://www.nbs.cn/live/?id=110093
主源,tv.yml,江苏,南通新闻综合,网页,https://www.ntjoy.com/ntw/broadcastTvs.html?menuCode=ntw005,https://www.ntjoy.com/ntw/broadcastTvs.html?menuCode=ntw005
主源,tv.yml,江苏,宿迁综合,网页,https://m.miguvideo.com/m/liveDetail/639731832,https://m.miguvideo.com/m/liveDetail/639731832
主源,tv.yml,江苏,扬州一套,网页,https://pc.96189.com/maintab/livel?cid=235&u-link=1,https://pc.96189.com/maintab/livel?cid=235&u-link=1
主源,tv.yml,江苏,扬州三套,网页,https://pc.96189.com/maintab/livel?cid=236&u-link=1,https://pc.96189.com/maintab/livel?cid=236&u-link=1
主源,tv.yml,江苏,扬州二套,网页,https://pc.96189.com/maintab/livel?cid=291&u-link=1,https://pc.96189.com/maintab/livel?cid=291&u-link=1
主源,tv.yml,江苏,扬州江都,网页,https://pc.96189.com/maintab/livel?cid=290&u-link=1,https://pc.96189.com/maintab/livel?cid=290&u-link=1
主源,tv.yml,江苏,江宁综合,网页,http://tv.haoqu99.com/3/jiangsu/jiangning.html?u-link=1,http://tv.haoqu99.com/3/jiangsu/jiangning.html?u-link=1
主源,tv.yml,江苏,泰州新闻综合,网页,https://m.miguvideo.com/m/liveDetail/639731818,https://m.miguvideo.com/m/liveDetail/639731818
主源,tv.yml,江苏,苏州文化生活,网页,http://www.csztv.com/zhibo3.shtml,http://www.csztv.com/zhibo3.shtml
主源,tv.yml,江苏,连云港新闻综合,网页,https://m.miguvideo.com/m/liveDetail/639731715,https://m.miguvideo.com/m/liveDetail/639731715
主源,tv.yml,福建,福建综合,网页,https://www.fjtv.net/front-cloudlive-manage-h5/index.html?id=665248990102917120&company_id=468&utaot=1,https://www.fjtv.net/front-cloudlive-manage-h5/index.html?id=665248990102917120&company_id=468&utaot=1
主源,tv.yml,福建,东南卫视,网页,https://www.fjtv.net/front-cloudlive-manage-h5/index.html?id=665248966136664064&company_id=468&utaot=1,https://www.fjtv.net/front-cloudlive-manage-h5/index.html?id=665248966136664064&company_id=468&utaot=1
主源,tv.yml,福建,福建乡村振兴公共,网页,https://www.fjtv.net/front-cloudlive-manage-h5/index.html?id=665248940467523584&company_id=468&utaot=1,https://www.fjtv.net/front-cloudlive-manage-h5/index.html?id=665248940467523584&company_id=468&utaot=1
主源,tv.yml,福建,福建新闻,网页,https://www.fjtv.net/front-cloudlive-manage-h5/index.html?id=665248914378952704&company_id=468&utaot=1,https://www.fjtv.net/front-cloudlive-manage-h5/index.html?id=665248914378952704&company_id=468&utaot=1
主源,tv.yml,福建,福建电视剧,网页,https://www.fjtv.net/front-cloudlive-manage-h5/index.html?id=665248891478052864&company_id=468&utaot=1,https://www.fjtv.net/front-cloudlive-manage-h5/index.html?id=665248891478052864&company_id=468&utaot=1
主源,tv.yml,福建,福建旅游,网页,https://www.fjtv.net/front-cloudlive-manage-h5/index.html?id=665248752898248704&company_id=468&utaot=1,https://www.fjtv.net/front-cloudlive-manage-h5/index.html?id=665248752898248704&company_id=468&utaot=1
主源,tv.yml,福建,福建经济,网页,https://www.fjtv.net/front-cloudlive-manage-h5/index.html?id=665248614498799616&company_id=468&utaot=1,https://www.fjtv.net/front-cloudlive-manage-h5/index.html?id=665248614498799616&company_id=468&utaot=1
主源,tv.yml,福建,福建文体,网页,https://www.fjtv.net/front-cloudlive-manage-h5/index.html?id=665248584991870976&company_id=468&utaot=1,https://www.fjtv.net/front-cloudlive-manage-h5/index.html?id=665248584991870976&company_id=468&utaot=1
主源,tv.yml,福建,福建少儿,网页,https://www.fjtv.net/front-cloudlive-manage-h5/index.html?id=665248553475870720&company_id=468&utaot=1,https://www.fjtv.net/front-cloudlive-manage-h5/index.html?id=665248553475870720&company_id=468&utaot=1
主源,tv.yml,福建,海峡卫视,网页,https://www.fjtv.net/front-cloudlive-manage-h5/index.html?id=665248523855695872&company_id=468&utaot=1,https://www.fjtv.net/front-cloudlive-manage-h5/index.html?id=665248523855695872&company_id=468&utaot=1
主源,tv.yml,福建,厦门卫视,网页,https://www.fjtv.net/front-cloudlive-manage-h5/index.html?id=727571808803282944&company_id=468&utaot=1,https://www.fjtv.net/front-cloudlive-manage-h5/index.html?id=727571808803282944&company_id=468&utaot=1
主源,tv.yml,福建,福州新闻综合,网页,https://www.fjtv.net/front-cloudlive-manage-h5/index.html?id=731087090473676800&company_id=468&utaot=1,https://www.fjtv.net/front-cloudlive-manage-h5/index.html?id=731087090473676800&company_id=468&utaot=1
主源,tv.yml,福建,福州生活,直连流(内嵌),https://tv.utao.tv/tv-web/live.html?url=https://live.zohi.tv/video/s10001-fztv-3/index.m3u8,https://live.zohi.tv/video/s10001-fztv-3/index.m3u8
主源,tv.yml,福建,福建文体,直连流(内嵌),https://tv.utao.tv/tv-web/live.html?url=https://live.zohi.tv/video/s10001-fztv-4/index.m3u8,https://live.zohi.tv/video/s10001-fztv-4/index.m3u8
主源,tv.yml,福建,福建少儿,网页,https://www.fjtv.net/front-cloudlive-manage-h5/index.html?id=665248553475870720&company_id=468&utaot=1,https://www.fjtv.net/front-cloudlive-manage-h5/index.html?id=665248553475870720&company_id=468&utaot=1
主源,tv.yml,福建,泉州新闻综合,网页,https://www.qztv.cn/index/Medias/index/media_id/wq95wqbDnMKyd8KiwqzChnt0w5nChcKowoHCoQ/stream_name/news.html,https://www.qztv.cn/index/Medias/index/media_id/wq95wqbDnMKyd8KiwqzChnt0w5nChcKowoHCoQ/stream_name/news.html
主源,tv.yml,福建,泉州闽南语,网页,https://www.qztv.cn/index/Medias/index/media_id/wq95wqbDnMKyd8KiwqzChnt0w5nChcKofcKh/stream_name/mny.html,https://www.qztv.cn/index/Medias/index/media_id/wq95wqbDnMKyd8KiwqzChnt0w5nChcKofcKh/stream_name/mny.html
主源,tv.yml,福建,漳州新闻综合,网页,https://www.fjtv.net/front-cloudlive-manage-h5/index.html?id=727214415649083392&company_id=468&utaot=1,https://www.fjtv.net/front-cloudlive-manage-h5/index.html?id=727214415649083392&company_id=468&utaot=1
主源,tv.yml,福建,龙岩综合,网页,https://www.fjtv.net/front-cloudlive-manage-h5/index.html?id=727212352215093248&company_id=468&utaot=1,https://www.fjtv.net/front-cloudlive-manage-h5/index.html?id=727212352215093248&company_id=468&utaot=1
主源,tv.yml,福建,三明综合,网页,https://www.fjtv.net/front-cloudlive-manage-h5/index.html?id=727216678547394560&company_id=468&utaot=1,https://www.fjtv.net/front-cloudlive-manage-h5/index.html?id=727216678547394560&company_id=468&utaot=1
主源,tv.yml,福建,南平综合,网页,https://www.fjtv.net/front-cloudlive-manage-h5/index.html?id=727216450918322176&company_id=468&utaot=1,https://www.fjtv.net/front-cloudlive-manage-h5/index.html?id=727216450918322176&company_id=468&utaot=1
主源,tv.yml,福建,莆田新闻综合,网页,https://www.ptbtv.com/4?_hgOutLink=live/livedetail&channel_id=4,https://www.ptbtv.com/4?_hgOutLink=live/livedetail&channel_id=4
主源,tv.yml,福建,莆田文旅生活,网页,https://www.ptbtv.com/5?_hgOutLink=live/livedetail&channel_id=5,https://www.ptbtv.com/5?_hgOutLink=live/livedetail&channel_id=5
主源,tv.yml,福建,仙游综合,网页,https://www.ptbtv.com/6?_hgOutLink=live/livedetail&channel_id=6,https://www.ptbtv.com/6?_hgOutLink=live/livedetail&channel_id=6
主源,tv.yml,福建,宁德新闻综合,网页,http://share.nddst.com/?_hgOutLink=live/livedetail&channel_id=41,http://share.nddst.com/?_hgOutLink=live/livedetail&channel_id=41
主源,tv.yml,福建,宁德文化旅游,网页,http://share.nddst.com/?_hgOutLink=live/livedetail&channel_id=42,http://share.nddst.com/?_hgOutLink=live/livedetail&channel_id=42
主源,tv.yml,福建,平潭新闻综合,网页,https://web.guangdianyun.tv/tv/907?uin=1118&utaot=1&ujs=X3R2RnVuYy5jaGVjayhmdW5jdGlvbiAoKXtyZXR1cm4gJCQoIiNmb2xsb3ctc2tpbiIpLmxlbmd0aD4wfSxmdW5jdGlvbiAoKXskJCgiI2ZvbGxvdy1za2luIikucmVtb3ZlKCk7fSk7,https://web.guangdianyun.tv/tv/907?uin=1118&utaot=1&ujs=X3R2RnVuYy5jaGVjayhmdW5jdGlvbiAoKXtyZXR1cm4gJCQoIiNmb2xsb3ctc2tpbiIpLmxlbmd0aD4wfSxmdW5jdGlvbiAoKXskJCgiI2ZvbGxvdy1za2luIikucmVtb3ZlKCk7fSk7
主源,tv.yml,福建,晋江电视台,网页,https://www.ijjnews.com/folder5356/?u-link=1,https://www.ijjnews.com/folder5356/?u-link=1
主源,tv.yml,福建,福州都市生活,网页,https://www.zohi.tv/app/tv/801?u-link=1,https://www.zohi.tv/app/tv/801?u-link=1
主源,tv.yml,北京,北京卫视,网页,https://www.btime.com/btv/btvsy_index?tag=0,https://www.btime.com/btv/btvsy_index?tag=0
主源,tv.yml,北京,北京文艺,网页,https://www.btime.com/btv/btvsy_index?tag=1,https://www.btime.com/btv/btvsy_index?tag=1
主源,tv.yml,北京,北京纪实科教,网页,https://www.btime.com/btv/btvsy_index?tag=2,https://www.btime.com/btv/btvsy_index?tag=2
主源,tv.yml,北京,北京影视,网页,https://www.btime.com/btv/btvsy_index?tag=3,https://www.btime.com/btv/btvsy_index?tag=3
主源,tv.yml,北京,北京财经,网页,https://www.btime.com/btv/btvsy_index?tag=4,https://www.btime.com/btv/btvsy_index?tag=4
主源,tv.yml,北京,北京体育,网页,https://www.btime.com/btv/btvsy_index?tag=5,https://www.btime.com/btv/btvsy_index?tag=5
主源,tv.yml,北京,北京生活,网页,https://www.btime.com/btv/btvsy_index?tag=6,https://www.btime.com/btv/btvsy_index?tag=6
主源,tv.yml,北京,北京新闻,网页,https://www.btime.com/btv/btvsy_index?tag=7,https://www.btime.com/btv/btvsy_index?tag=7
主源,tv.yml,上海,上海东方卫视,网页,https://live.kankanews.com/huikan?id=1,https://live.kankanews.com/huikan?id=1
主源,tv.yml,上海,上海新闻综合,网页,https://live.kankanews.com/huikan?id=2,https://live.kankanews.com/huikan?id=2
主源,tv.yml,上海,上海魔都眼,网页,https://live.kankanews.com/huikan?id=11,https://live.kankanews.com/huikan?id=11
主源,tv.yml,上海,上海第一财经,网页,https://live.kankanews.com/huikan?id=5,https://live.kankanews.com/huikan?id=5
主源,tv.yml,上海,上海新纪实,网页,https://live.kankanews.com/huikan?id=12,https://live.kankanews.com/huikan?id=12
主源,tv.yml,上海,上海都市,网页,https://live.kankanews.com/huikan?id=4,https://live.kankanews.com/huikan?id=4
主源,tv.yml,上海,上海五星体育,网页,https://live.kankanews.com/huikan?id=10,https://live.kankanews.com/huikan?id=10
主源,tv.yml,深圳,深圳卫视,网页,https://www.sztv.com.cn/dianshi.shtml?id=7867&u-link=1,https://www.sztv.com.cn/dianshi.shtml?id=7867&u-link=1
主源,tv.yml,深圳,深圳卫视4K,网页,https://www.sztv.com.cn/dianshi.shtml?id=24725&u-link=1,https://www.sztv.com.cn/dianshi.shtml?id=24725&u-link=1
主源,tv.yml,深圳,深圳都市,网页,https://www.sztv.com.cn/dianshi.shtml?id=7868&u-link=1,https://www.sztv.com.cn/dianshi.shtml?id=7868&u-link=1
主源,tv.yml,深圳,深圳电视剧,网页,https://www.sztv.com.cn/dianshi.shtml?id=7880&u-link=1,https://www.sztv.com.cn/dianshi.shtml?id=7880&u-link=1
主源,tv.yml,深圳,深圳财经,网页,https://www.sztv.com.cn/dianshi.shtml?id=7871&u-link=1,https://www.sztv.com.cn/dianshi.shtml?id=7871&u-link=1
主源,tv.yml,深圳,深圳移动电视,网页,https://www.sztv.com.cn/dianshi.shtml?id=7869&u-link=1,https://www.sztv.com.cn/dianshi.shtml?id=7869&u-link=1
主源,tv.yml,深圳,深圳国际,网页,https://www.sztv.com.cn/dianshi.shtml?id=7944&u-link=1,https://www.sztv.com.cn/dianshi.shtml?id=7944&u-link=1
主源,tv.yml,四川,四川卫视,抽流页(js),https://www.sctv.com/tv-web/js/tv/sctv/live.html?tag=1,https://www.sctv.com/tv-web/js/tv/sctv/live.html?tag=1
主源,tv.yml,四川,四川新闻,抽流页(js),https://www.sctv.com/tv-web/js/tv/sctv/live.html?tag=2,https://www.sctv.com/tv-web/js/tv/sctv/live.html?tag=2
主源,tv.yml,四川,四川经济,抽流页(js),https://www.sctv.com/tv-web/js/tv/sctv/live.html?tag=3,https://www.sctv.com/tv-web/js/tv/sctv/live.html?tag=3
主源,tv.yml,四川,四川文化旅游,抽流页(js),https://www.sctv.com/tv-web/js/tv/sctv/live.html?tag=4,https://www.sctv.com/tv-web/js/tv/sctv/live.html?tag=4
主源,tv.yml,四川,四川影视文艺,抽流页(js),https://www.sctv.com/tv-web/js/tv/sctv/live.html?tag=5,https://www.sctv.com/tv-web/js/tv/sctv/live.html?tag=5
主源,tv.yml,四川,四川妇女儿童,抽流页(js),https://www.sctv.com/tv-web/js/tv/sctv/live.html?tag=6,https://www.sctv.com/tv-web/js/tv/sctv/live.html?tag=6
主源,tv.yml,四川,四川乡村,抽流页(js),https://www.sctv.com/tv-web/js/tv/sctv/live.html?tag=8,https://www.sctv.com/tv-web/js/tv/sctv/live.html?tag=8
主源,tv.yml,四川,四川康巴卫视,抽流页(js),https://www.sctv.com/tv-web/js/tv/sctv/live.html?tag=9,https://www.sctv.com/tv-web/js/tv/sctv/live.html?tag=9
主源,tv.yml,四川,重庆新闻综合,网页,https://www.cbg.cn/web/list/4918/1.html?5DEFC70C1A4AOD5173881C62BD4ACAD0,https://www.cbg.cn/web/list/4918/1.html?5DEFC70C1A4AOD5173881C62BD4ACAD0
主源,tv.yml,四川,南江综合,网页,https://web.guangdianyun.tv/tv/?id=1670&uin=1822,https://web.guangdianyun.tv/tv/?id=1670&uin=1822
主源,tv.yml,四川,泸县综合,网页,https://web.guangdianyun.tv/tv/?id=1645&uin=2392,https://web.guangdianyun.tv/tv/?id=1645&uin=2392
主源,tv.yml,四川,绵竹综合,网页,https://web.guangdianyun.tv/tv/?id=1933&uin=3277,https://web.guangdianyun.tv/tv/?id=1933&uin=3277
主源,tv.yml,四川,射洪综合,网页,https://web.guangdianyun.tv/tv/?id=391&uin=1743,https://web.guangdianyun.tv/tv/?id=391&uin=1743
主源,tv.yml,四川,成都新闻综合,网页,https://www.cditv.cn/show/4845-563.html?utaot=1&ujs=JCQoIi5oZWFkZXIiKS5yZW1vdmUoKQ==,https://www.cditv.cn/show/4845-563.html?utaot=1&ujs=JCQoIi5oZWFkZXIiKS5yZW1vdmUoKQ==
主源,tv.yml,四川,成都经济资讯,网页,https://www.cditv.cn/show/4845-562.html?utaot=1&ujs=JCQoIi5oZWFkZXIiKS5yZW1vdmUoKQ==,https://www.cditv.cn/show/4845-562.html?utaot=1&ujs=JCQoIi5oZWFkZXIiKS5yZW1vdmUoKQ==
主源,tv.yml,四川,成都都市生活,网页,https://www.cditv.cn/show/4845-561.html?utaot=1&ujs=JCQoIi5oZWFkZXIiKS5yZW1vdmUoKQ==,https://www.cditv.cn/show/4845-561.html?utaot=1&ujs=JCQoIi5oZWFkZXIiKS5yZW1vdmUoKQ==
主源,tv.yml,四川,成都影视文艺,网页,https://www.cditv.cn/show/4845-560.html?utaot=1&ujs=JCQoIi5oZWFkZXIiKS5yZW1vdmUoKQ==,https://www.cditv.cn/show/4845-560.html?utaot=1&ujs=JCQoIi5oZWFkZXIiKS5yZW1vdmUoKQ==
主源,tv.yml,四川,成都公共,网页,https://www.cditv.cn/show/4845-559.html?utaot=1&ujs=JCQoIi5oZWFkZXIiKS5yZW1vdmUoKQ==,https://www.cditv.cn/show/4845-559.html?utaot=1&ujs=JCQoIi5oZWFkZXIiKS5yZW1vdmUoKQ==
主源,tv.yml,四川,成都少儿,网页,https://www.cditv.cn/show/4845-558.html?utaot=1&ujs=JCQoIi5oZWFkZXIiKS5yZW1vdmUoKQ==,https://www.cditv.cn/show/4845-558.html?utaot=1&ujs=JCQoIi5oZWFkZXIiKS5yZW1vdmUoKQ==
主源,tv.yml,四川,成都蓉城先锋,网页,https://www.cditv.cn/show/4845-592.html?utaot=1&ujs=JCQoIi5oZWFkZXIiKS5yZW1vdmUoKQ==,https://www.cditv.cn/show/4845-592.html?utaot=1&ujs=JCQoIi5oZWFkZXIiKS5yZW1vdmUoKQ==
主源,tv.yml,四川,内江综合,网页,http://www.scnj.tv/plus/live/live.php?id=15948060915449&flag=1,http://www.scnj.tv/plus/live/live.php?id=15948060915449&flag=1
主源,tv.yml,四川,达州新闻综合,直连流(内嵌),https://m3u8channel.dzrm.cn/tv-web/live.html?url=https://m3u8channel.dzrm.cn/nmip-media/channellive/channel104234/playlist.m3u8,https://m3u8channel.dzrm.cn/nmip-media/channellive/channel104234/playlist.m3u8
主源,tv.yml,四川,达州文化生活,直连流(内嵌),https://m3u8channel.dzrm.cn/tv-web/live.html?url=https://m3u8channel.dzrm.cn/nmip-media/channellive/channel104727/playlist.m3u8,https://m3u8channel.dzrm.cn/nmip-media/channellive/channel104727/playlist.m3u8
主源,tv.yml,四川,达州通川,直连流(内嵌),https://m3u8channel.dzrm.cn/tv-web/live.html?url=https://m3u8channel.dzrm.cn/nmip-media/channellive/channel105011/playlist.m3u8,https://m3u8channel.dzrm.cn/nmip-media/channellive/channel105011/playlist.m3u8
主源,tv.yml,四川,泸州新闻综合,网页,https://www.luzhoubs.com/lztv1/index.html,https://www.luzhoubs.com/lztv1/index.html
主源,tv.yml,四川,泸州科教生活,网页,https://www.luzhoubs.com/lztv3/index.html,https://www.luzhoubs.com/lztv3/index.html
主源,tv.yml,四川,攀枝花新闻综合,网页,https://h5.pzhkai.com/front-cloudlive-manage-h5/index.html?id=536937329516896257&company_id=1051,https://h5.pzhkai.com/front-cloudlive-manage-h5/index.html?id=536937329516896257&company_id=1051
主源,tv.yml,四川,遂宁综合,网页,https://www.snxw.com/suinMini/site/6642bf8360b26293fe689f04/6642d21860b26293fe689f4c,https://www.snxw.com/suinMini/site/6642bf8360b26293fe689f04/6642d21860b26293fe689f4c
主源,tv.yml,四川,遂宁文化生活,直连流(内嵌),https://www.snxw.com/tv-web/live.html?url=https://szyplaytv.snxw.com/live/gggy/playlist.m3u8,https://szyplaytv.snxw.com/live/gggy/playlist.m3u8
主源,tv.yml,四川,广元综合,直连流(内嵌),https://utao.tv/tv-web/live.html?url=https://m3u8.channel.dzsm.com/nmip-media/channellive/channel100999/playlist.m3u8,https://m3u8.channel.dzsm.com/nmip-media/channellive/channel100999/playlist.m3u8
主源,tv.yml,四川,广元文化生活,直连流(内嵌),https://utao.tv/tv-web/live.html?url=https://m3u8.channel.dzsm.com/nmip-media/channellive/channel101257/playlist.m3u8,https://m3u8.channel.dzsm.com/nmip-media/channellive/channel101257/playlist.m3u8
主源,tv.yml,四川,资阳新闻综合,网页,http://www.zyrb.com.cn/#/bD074b747F?pkey=,http://www.zyrb.com.cn/#/bD074b747F?pkey=
主源,tv.yml,四川,甘孜综合,网页,https://www.ganzitv.com/cms/tv,https://www.ganzitv.com/cms/tv
主源,tv.yml,四川,凉山新闻综合,直连流(内嵌),https://m.lsiptv.cn/tv-web/live.html?url=https://tvlive.i0834.cn/nmip-media/channellive/channel114103/playlist.m3u8,https://tvlive.i0834.cn/nmip-media/channellive/channel114103/playlist.m3u8
主源,tv.yml,四川,凉山彝语综合,直连流(内嵌),https://m.lsiptv.cn/tv-web/live.html?url=https://tvlive.i0834.cn/nmip-media/channellive/channel115044/playlist.m3u8,https://tvlive.i0834.cn/nmip-media/channellive/channel115044/playlist.m3u8
主源,tv.yml,四川,雅安新闻综合,网页,https://www.beiww.com/shiting,https://www.beiww.com/shiting
主源,tv.yml,四川,绵阳新闻综合,网页,https://myntv.cn/html/zb/mytv1.asp,https://myntv.cn/html/zb/mytv1.asp
主源,tv.yml,四川,绵阳科教生活,网页,https://myntv.cn/html/zb/mytv2.asp,https://myntv.cn/html/zb/mytv2.asp
主源,tv.yml,四川,内江科教生活,网页,https://www.scnj.tv/bencandy.php?fid=43&aid=1914042,https://www.scnj.tv/bencandy.php?fid=43&aid=1914042
主源,tv.yml,四川,大邑电视台,网页,https://www.cditv.cn/show/4844-572.html,https://www.cditv.cn/show/4844-572.html
主源,tv.yml,四川,彭州新闻综合,网页,https://www.cditv.cn/show/4844-576.html,https://www.cditv.cn/show/4844-576.html
主源,tv.yml,四川,成华有线,网页,https://www.cditv.cn/show/4844-586.html,https://www.cditv.cn/show/4844-586.html
主源,tv.yml,四川,新都综合,网页,https://www.cditv.cn/show/4844-583.html,https://www.cditv.cn/show/4844-583.html
主源,tv.yml,四川,武侯电视台,网页,https://www.cditv.cn/show/4844-587.html,https://www.cditv.cn/show/4844-587.html
主源,tv.yml,四川,每经 AI 电视,网页,https://www.nbd.com.cn/corp/AiTv/index.html?u-link=1,https://www.nbd.com.cn/corp/AiTv/index.html?u-link=1
主源,tv.yml,四川,温江综合,网页,https://www.cditv.cn/show/4844-582.html,https://www.cditv.cn/show/4844-582.html
主源,tv.yml,四川,简阳新闻综合,网页,https://www.cditv.cn/show/4844-578.html,https://www.cditv.cn/show/4844-578.html
主源,tv.yml,四川,蒲江电视台,网页,https://www.cditv.cn/show/4844-571.html,https://www.cditv.cn/show/4844-571.html
主源,tv.yml,四川,邛崃综合,网页,https://www.cditv.cn/show/4844-575.html,https://www.cditv.cn/show/4844-575.html
主源,tv.yml,四川,郫都新闻综合,网页,https://www.cditv.cn/show/4844-580.html,https://www.cditv.cn/show/4844-580.html
主源,tv.yml,四川,金堂电视台,网页,https://www.cditv.cn/show/4844-573.html,https://www.cditv.cn/show/4844-573.html
主源,tv.yml,四川,金牛有线,网页,https://www.cditv.cn/show/4844-588.html,https://www.cditv.cn/show/4844-588.html
主源,tv.yml,四川,锦江电视台,网页,https://www.cditv.cn/show/4844-590.html,https://www.cditv.cn/show/4844-590.html
主源,tv.yml,四川,青白江电视台,网页,https://www.cditv.cn/show/4844-584.html,https://www.cditv.cn/show/4844-584.html
主源,tv.yml,四川,青羊电视台,网页,https://www.cditv.cn/show/4844-589.html,https://www.cditv.cn/show/4844-589.html
主源,tv.yml,四川,高新电视台,网页,https://www.cditv.cn/show/4844-591.html,https://www.cditv.cn/show/4844-591.html
主源,tv.yml,河北,河北卫视,网页,https://web.cmc.hebtv.com/cms/rmt0336_html/19/19js/st/xdszb/10524916.shtml,https://web.cmc.hebtv.com/cms/rmt0336_html/19/19js/st/xdszb/10524916.shtml
主源,tv.yml,河北,河北经济生活,网页,https://web.cmc.hebtv.com/cms/rmt0336_html/19/19js/st/xdszb/10516507.shtml?share=true,https://web.cmc.hebtv.com/cms/rmt0336_html/19/19js/st/xdszb/10516507.shtml?share=true
主源,tv.yml,河北,河北三农,网页,https://web.cmc.hebtv.com/cms/rmt0336_html/19/19js/st/xdszb/10516508.shtml?share=true,https://web.cmc.hebtv.com/cms/rmt0336_html/19/19js/st/xdszb/10516508.shtml?share=true
主源,tv.yml,河北,河北都市,网页,https://web.cmc.hebtv.com/cms/rmt0336_html/19/19js/st/xdszb/10516509.shtml?share=true,https://web.cmc.hebtv.com/cms/rmt0336_html/19/19js/st/xdszb/10516509.shtml?share=true
主源,tv.yml,河北,河北影视剧,网页,https://web.cmc.hebtv.com/cms/rmt0336_html/19/19js/st/xdszb/10516510.shtml?share=true,https://web.cmc.hebtv.com/cms/rmt0336_html/19/19js/st/xdszb/10516510.shtml?share=true
主源,tv.yml,河北,河北少儿科教,网页,https://web.cmc.hebtv.com/cms/rmt0336_html/19/19js/st/xdszb/10516511.shtml?share=true,https://web.cmc.hebtv.com/cms/rmt0336_html/19/19js/st/xdszb/10516511.shtml?share=true
主源,tv.yml,河北,河北文旅·公共,网页,https://web.cmc.hebtv.com/cms/rmt0336_html/19/19js/st/xdszb/10516512.shtml?share=true,https://web.cmc.hebtv.com/cms/rmt0336_html/19/19js/st/xdszb/10516512.shtml?share=true
主源,tv.yml,河北,沧州新闻综合,网页,https://www.czgd.tv/Article/des?infoid=32768&modelid=3,https://www.czgd.tv/Article/des?infoid=32768&modelid=3
主源,tv.yml,河北,沧州公共,网页,https://www.czgd.tv/Article/des?infoid=32769&modelid=3,https://www.czgd.tv/Article/des?infoid=32769&modelid=3
主源,tv.yml,河北,沧州影视,网页,https://www.czgd.tv/Article/des?infoid=32770&modelid=3,https://www.czgd.tv/Article/des?infoid=32770&modelid=3
主源,tv.yml,河北,衡水综合,网页,https://app.hsrtv.cn/web/teletv/tv_content_1.html,https://app.hsrtv.cn/web/teletv/tv_content_1.html
主源,tv.yml,河北,衡水公共,网页,https://app.hsrtv.cn/web/teletv/tv_content_4.html,https://app.hsrtv.cn/web/teletv/tv_content_4.html
主源,tv.yml,河北,邢台公共,网页,https://www.xttv.com.cn/index/channel/index/id/62.html,https://www.xttv.com.cn/index/channel/index/id/62.html
主源,tv.yml,河北,邢台城市生活,网页,https://www.xttv.com.cn/index/channel/index/id/64html,https://www.xttv.com.cn/index/channel/index/id/64html
主源,tv.yml,河北,石家庄新闻综合,网页,https://plusshare.sjzntv.cn/?_hgOutLink=live/livedetail&channel_id=4,https://plusshare.sjzntv.cn/?_hgOutLink=live/livedetail&channel_id=4
主源,tv.yml,河北,石家庄城市服务,网页,https://plusshare.sjzntv.cn/?_hgOutLink=live/livedetail&channel_id=5,https://plusshare.sjzntv.cn/?_hgOutLink=live/livedetail&channel_id=5
主源,tv.yml,河北,石家庄文化娱乐,网页,https://plusshare.sjzntv.cn/?_hgOutLink=live/livedetail&channel_id=6,https://plusshare.sjzntv.cn/?_hgOutLink=live/livedetail&channel_id=6
主源,tv.yml,河北,张家口公共,网页,https://www.zjkgdcs.com/Live/index?liveid=7,https://www.zjkgdcs.com/Live/index?liveid=7
主源,tv.yml,河北,张家口新闻综合,网页,https://www.zjkgdcs.com/Live/index?liveid=1,https://www.zjkgdcs.com/Live/index?liveid=1
主源,tv.yml,河南,河南卫视,网页,https://static.hntv.tv/total/television/?id=145&u-link=1,https://static.hntv.tv/total/television/?id=145&u-link=1
主源,tv.yml,河南,河南新闻,网页,https://static.hntv.tv/total/television/?id=149&u-link=1,https://static.hntv.tv/total/television/?id=149&u-link=1
主源,tv.yml,河南,河南都市,网页,https://www.hndyjyfw.gov.cn/livePlay.html?u=14,https://www.hndyjyfw.gov.cn/livePlay.html?u=14
主源,tv.yml,河南,河南民生,网页,https://www.hndyjyfw.gov.cn/livePlay.html?u=15,https://www.hndyjyfw.gov.cn/livePlay.html?u=15
主源,tv.yml,河南,河南梨园,网页,https://www.hndyjyfw.gov.cn/livePlay.html?u=16,https://www.hndyjyfw.gov.cn/livePlay.html?u=16
主源,tv.yml,河南,河南法治,网页,https://static.hntv.tv/total/television/?id=147&u-link=1,https://static.hntv.tv/total/television/?id=147&u-link=1
主源,tv.yml,河南,河南公共,网页,https://static.hntv.tv/total/television/?id=151&u-link=1,https://static.hntv.tv/total/television/?id=151&u-link=1
主源,tv.yml,河南,河南乡村,网页,https://static.hntv.tv/total/television/?id=152&u-link=1,https://static.hntv.tv/total/television/?id=152&u-link=1
主源,tv.yml,河南,河南电视剧,网页,https://static.hntv.tv/total/television/?id=148&u-link=1,https://static.hntv.tv/total/television/?id=148&u-link=1
主源,tv.yml,河南,河南文物宝库,网页,https://static.hntv.tv/total/television/?id=155&u-link=1,https://static.hntv.tv/total/television/?id=155&u-link=1
主源,tv.yml,河南,河南武术世界,网页,https://static.hntv.tv/total/television/?id=156&u-link=1,https://static.hntv.tv/total/television/?id=156&u-link=1
主源,tv.yml,河南,河南曲艺,网页,https://static.hntv.tv/total/television/?id=157&u-link=1,https://static.hntv.tv/total/television/?id=157&u-link=1
主源,tv.yml,河南,河南移动戏曲,网页,https://static.hntv.tv/total/television/?id=163&u-link=1,https://static.hntv.tv/total/television/?id=163&u-link=1
主源,tv.yml,河南,河南象视界,网页,https://static.hntv.tv/total/television/?id=183&u-link=1,https://static.hntv.tv/total/television/?id=183&u-link=1
主源,tv.yml,河南,河南国学,网页,https://static.hntv.tv/total/television/?id=194&u-link=1,https://static.hntv.tv/total/television/?id=194&u-link=1
主源,tv.yml,河南,郑州综合,网页,https://static.hntv.tv/total/television/?id=197&u-link=1,https://static.hntv.tv/total/television/?id=197&u-link=1
主源,tv.yml,河南,开封综合,网页,https://static.hntv.tv/total/television/?id=198&u-link=1,https://static.hntv.tv/total/television/?id=198&u-link=1
主源,tv.yml,河南,洛阳综合,网页,https://static.hntv.tv/total/television/?id=204&u-link=1,https://static.hntv.tv/total/television/?id=204&u-link=1
主源,tv.yml,河南,平顶山综合,网页,https://static.hntv.tv/total/television/?id=205&u-link=1,https://static.hntv.tv/total/television/?id=205&u-link=1
主源,tv.yml,河南,安阳综合,网页,https://static.hntv.tv/total/television/?id=206&u-link=1,https://static.hntv.tv/total/television/?id=206&u-link=1
主源,tv.yml,河南,鹤壁综合,网页,https://static.hntv.tv/total/television/?id=207&u-link=1,https://static.hntv.tv/total/television/?id=207&u-link=1
主源,tv.yml,河南,新乡综合,网页,https://static.hntv.tv/total/television/?id=208&u-link=1,https://static.hntv.tv/total/television/?id=208&u-link=1
主源,tv.yml,河南,焦作综合,网页,https://static.hntv.tv/total/television/?id=209&u-link=1,https://static.hntv.tv/total/television/?id=209&u-link=1
主源,tv.yml,河南,濮阳综合,网页,https://static.hntv.tv/total/television/?id=219&u-link=1,https://static.hntv.tv/total/television/?id=219&u-link=1
主源,tv.yml,河南,许昌综合,网页,https://static.hntv.tv/total/television/?id=220&u-link=1,https://static.hntv.tv/total/television/?id=220&u-link=1
主源,tv.yml,河南,漯河综合,网页,https://static.hntv.tv/total/television/?id=221&u-link=1,https://static.hntv.tv/total/television/?id=221&u-link=1
主源,tv.yml,河南,三门峡综合,网页,https://static.hntv.tv/total/television/?id=222&u-link=1,https://static.hntv.tv/total/television/?id=222&u-link=1
主源,tv.yml,河南,南阳综合,网页,https://static.hntv.tv/total/television/?id=223&u-link=1,https://static.hntv.tv/total/television/?id=223&u-link=1
主源,tv.yml,河南,商丘综合,网页,https://static.hntv.tv/total/television/?id=224&u-link=1,https://static.hntv.tv/total/television/?id=224&u-link=1
主源,tv.yml,河南,信阳综合,网页,https://static.hntv.tv/total/television/?id=225&u-link=1,https://static.hntv.tv/total/television/?id=225&u-link=1
主源,tv.yml,河南,周口综合,网页,https://static.hntv.tv/total/television/?id=225&u-link=1,https://static.hntv.tv/total/television/?id=225&u-link=1
主源,tv.yml,河南,驻马店综合,网页,https://static.hntv.tv/total/television/?id=227&u-link=1,https://static.hntv.tv/total/television/?id=227&u-link=1
主源,tv.yml,河南,济源综合,网页,https://static.hntv.tv/total/television/?id=228&u-link=1,https://static.hntv.tv/total/television/?id=228&u-link=1
主源,tv.yml,河南,信阳新闻综合,网页,https://www.xytv.cn/h5/pages/tv/detail?id=137,https://www.xytv.cn/h5/pages/tv/detail?id=137
主源,tv.yml,河南,信阳文旅,网页,https://www.xytv.cn/h5/pages/tv/detail?id=138,https://www.xytv.cn/h5/pages/tv/detail?id=138
主源,tv.yml,河南,开封新闻综合,网页,https://app.kftv.net.cn/tv?id=4576506160452924712&bundleID=8694949894473483736&type=1&tvType=1#,https://app.kftv.net.cn/tv?id=4576506160452924712&bundleID=8694949894473483736&type=1&tvType=1#
主源,tv.yml,河南,开封文化旅游,网页,https://app.kftv.net.cn/tv?id=1373356224162401385&bundleID=8694949894473483736&type=1&tvType=1#,https://app.kftv.net.cn/tv?id=1373356224162401385&bundleID=8694949894473483736&type=1&tvType=1#
主源,tv.yml,河南,安阳新闻综合,网页,https://share.aynews.net.cn/share/page/tvLive/?tvid=1&tvType=1&webTenId=1&origin=1,https://share.aynews.net.cn/share/page/tvLive/?tvid=1&tvType=1&webTenId=1&origin=1
主源,tv.yml,河南,安阳文旅,网页,https://share.aynews.net.cn/share/page/tvLive/?tvid=3&tvType=1&webTenId=1&origin=1,https://share.aynews.net.cn/share/page/tvLive/?tvid=3&tvType=1&webTenId=1&origin=1
主源,tv.yml,河南,焦作综合,网页,https://jiaozuo.dxhmt.cn/api/page/goLivePage?liveId=a15a6b9e3e1f435584f903641e85a975&personId=cbe111e3ca12486bb64ba9fc4ffe1c7b,https://jiaozuo.dxhmt.cn/api/page/goLivePage?liveId=a15a6b9e3e1f435584f903641e85a975&personId=cbe111e3ca12486bb64ba9fc4ffe1c7b
主源,tv.yml,河南,焦作公共,网页,https://jiaozuo.dxhmt.cn/api/page/goLivePage?liveId=6a8a51398cf44ad28bb7808afdc94f4d&personId=cbe111e3ca12486bb64ba9fc4ffe1c7b,https://jiaozuo.dxhmt.cn/api/page/goLivePage?liveId=6a8a51398cf44ad28bb7808afdc94f4d&personId=cbe111e3ca12486bb64ba9fc4ffe1c7b
主源,tv.yml,河南,远程党员教育,网页,https://www.hndyjyfw.gov.cn/livePlay.html?u=0,https://www.hndyjyfw.gov.cn/livePlay.html?u=0
主源,tv.yml,广西,广西卫视,网页,https://tv.gxtv.cn/channel/channelivePlay_e7a7ab7df9fe11e88bcfe41f13b60c62.html,https://tv.gxtv.cn/channel/channelivePlay_e7a7ab7df9fe11e88bcfe41f13b60c62.html
主源,tv.yml,广西,广西旅游,网页,https://tv.gxtv.cn/channel/channelivePlay_f3335975f9fe11e88bcfe41f13b60c62.html,https://tv.gxtv.cn/channel/channelivePlay_f3335975f9fe11e88bcfe41f13b60c62.html
主源,tv.yml,广西,广西都市,网页,https://tv.gxtv.cn/channel/channelivePlay_fdbaf085f9fe11e88bcfe41f13b60c62.html,https://tv.gxtv.cn/channel/channelivePlay_fdbaf085f9fe11e88bcfe41f13b60c62.html
主源,tv.yml,广西,广西影视,网页,https://tv.gxtv.cn/channel/channelivePlay_5e923d82058e11e9ba67e41f13b60c62.html,https://tv.gxtv.cn/channel/channelivePlay_5e923d82058e11e9ba67e41f13b60c62.html
主源,tv.yml,广西,广西新闻,网页,https://tv.gxtv.cn/channel/channelivePlay_9dfd8600075811e9ba67e41f13b60c62.html,https://tv.gxtv.cn/channel/channelivePlay_9dfd8600075811e9ba67e41f13b60c62.html
主源,tv.yml,广西,广西国际,网页,https://tv.gxtv.cn/channel/channelivePlay_bfa17b64157f11e999f0e41f13b60c62.html,https://tv.gxtv.cn/channel/channelivePlay_bfa17b64157f11e999f0e41f13b60c62.html
主源,tv.yml,广西,广西移动电视,网页,https://tv.gxtv.cn/channel/channelivePlay_78dbfd44e6b74ab687204d2d8113cbf5.html,https://tv.gxtv.cn/channel/channelivePlay_78dbfd44e6b74ab687204d2d8113cbf5.html
主源,tv.yml,广西,南宁新闻综合,网页,https://www.nntv.cn/live/nntv_xw/,https://www.nntv.cn/live/nntv_xw/
主源,tv.yml,广西,南宁文旅生活,网页,https://www.nntv.cn/live/nntv_ds/,https://www.nntv.cn/live/nntv_ds/
主源,tv.yml,广西,南宁影视娱乐,网页,https://www.nntv.cn/live/nntv_ys/,https://www.nntv.cn/live/nntv_ys/
主源,tv.yml,广西,南宁公共,网页,https://www.nntv.cn/live/nntv_gg/,https://www.nntv.cn/live/nntv_gg/
主源,tv.yml,广西,桂林新闻综合,网页,https://guilinbcnew.zainanjing365.com/share/live/detailTv?resourceId=33&appscheme=gdmm-zaiguilin,https://guilinbcnew.zainanjing365.com/share/live/detailTv?resourceId=33&appscheme=gdmm-zaiguilin
主源,tv.yml,广西,桂林科教旅游,网页,https://guilinbcnew.zainanjing365.com/share/live/detailTv?resourceId=35&appscheme=gdmm-zaiguilin,https://guilinbcnew.zainanjing365.com/share/live/detailTv?resourceId=35&appscheme=gdmm-zaiguilin
主源,tv.yml,广西,桂林公共,网页,https://guilinbcnew.zainanjing365.com/share/live/detailTv?resourceId=34&appscheme=gdmm-zaiguilin,https://guilinbcnew.zainanjing365.com/share/live/detailTv?resourceId=34&appscheme=gdmm-zaiguilin
主源,tv.yml,广西,北海新闻综合,抽流页(js),https://res.gxbhxww.cn/html/rft/live.html?channelId=389d764cf13244de97a30bc44161d235&type=1&siteId=c510269b15014be4aaf5aa6d2b92c629&shareAppId=c510269b15014be4aaf5aa6d2b92c629,https://res.gxbhxww.cn/html/rft/live.html?channelId=389d764cf13244de97a30bc44161d235&type=1&siteId=c510269b15014be4aaf5aa6d2b92c629&shareAppId=c510269b15014be4aaf5aa6d2b92c629
主源,tv.yml,广西,北海经济科教,抽流页(js),https://res.gxbhxww.cn/html/rft/live.html?channelId=51733cd2fd0548d288c3015ec3d0535b&type=1&siteId=c510269b15014be4aaf5aa6d2b92c629&shareAppId=c510269b15014be4aaf5aa6d2b92c629,https://res.gxbhxww.cn/html/rft/live.html?channelId=51733cd2fd0548d288c3015ec3d0535b&type=1&siteId=c510269b15014be4aaf5aa6d2b92c629&shareAppId=c510269b15014be4aaf5aa6d2b92c629
主源,tv.yml,广西,玉林新闻综合,网页,https://web.guangdianyun.tv/tv/3289?uin=4042,https://web.guangdianyun.tv/tv/3289?uin=4042
主源,tv.yml,广西,玉林公共,网页,https://web.guangdianyun.tv/tv/3290?uin=4042,https://web.guangdianyun.tv/tv/3290?uin=4042
主源,tv.yml,广西,防城港新闻综合,网页,https://www.fcgtvb.com/lives/2,https://www.fcgtvb.com/lives/2
主源,tv.yml,吉林,吉林卫视,网页,https://www.jlntv.cn/tv?tag=0,https://www.jlntv.cn/tv?tag=0
主源,tv.yml,吉林,吉林都市,网页,https://www.jlntv.cn/tv?tag=1,https://www.jlntv.cn/tv?tag=1
主源,tv.yml,吉林,吉林生活,网页,https://www.jlntv.cn/tv?tag=2,https://www.jlntv.cn/tv?tag=2
主源,tv.yml,吉林,吉林影视,网页,https://www.jlntv.cn/tv?tag=3,https://www.jlntv.cn/tv?tag=3
主源,tv.yml,吉林,吉林乡村,网页,https://www.jlntv.cn/tv?tag=4,https://www.jlntv.cn/tv?tag=4
主源,tv.yml,吉林,吉林综艺·文化,网页,https://www.jlntv.cn/tv?tag=5,https://www.jlntv.cn/tv?tag=5
主源,tv.yml,吉林,长春综合,网页,https://chinactv.com/live/1442880654565093377.html,https://chinactv.com/live/1442880654565093377.html
主源,tv.yml,吉林,长春文旅体育,网页,https://chinactv.com/live/1442880767035355137.html,https://chinactv.com/live/1442880767035355137.html
主源,tv.yml,吉林,长春市民生活,网页,https://chinactv.com/live/1442880854423678977.html,https://chinactv.com/live/1442880854423678977.html
主源,tv.yml,吉林,延边卫视,网页,https://www.yb983.com/cys/index.html,https://www.yb983.com/cys/index.html
主源,tv.yml,吉林,吉林市新闻综合,网页,http://new.jlwlq.com/wap/live/tv_xwzh.html,http://new.jlwlq.com/wap/live/tv_xwzh.html
主源,tv.yml,吉林,四平新闻综合,网页,http://evfh-www.plus.jlntv.cn/siping/folder134/folder158,http://evfh-www.plus.jlntv.cn/siping/folder134/folder158
主源,tv.yml,吉林,延边朝语综合,网页,https://www.iyb983.cn/live/index.html,https://www.iyb983.cn/live/index.html
主源,tv.yml,吉林,延边汉语综合,直连流,https://srs.iyb983.cn/video/ybtv2/index.m3u8,https://srs.iyb983.cn/video/ybtv2/index.m3u8
主源,tv.yml,黑龙江,黑龙江卫视,直连流(内嵌),https://www.hljtv.com/tv-web/live.html?url=https://idclive.hljtv.com:4430/live/hljws_own.m3u8,https://idclive.hljtv.com:4430/live/hljws_own.m3u8
主源,tv.yml,黑龙江,黑龙江文体,直连流(内嵌),https://www.hljtv.com/tv-web/live.html?url=https://idclive.hljtv.com:4430/live/hljwy_hd.m3u8,https://idclive.hljtv.com:4430/live/hljwy_hd.m3u8
主源,tv.yml,黑龙江,黑龙江影视,直连流(内嵌),https://www.hljtv.com/tv-web/live.html?url=https://idclive.hljtv.com:4430/live/hljys_hd.m3u8,https://idclive.hljtv.com:4430/live/hljys_hd.m3u8
主源,tv.yml,黑龙江,黑龙江新闻法治,直连流(内嵌),https://www.hljtv.com/tv-web/live.html?url=https://idclive.hljtv.com:4430/live/hljxw_hd.m3u8,https://idclive.hljtv.com:4430/live/hljxw_hd.m3u8
主源,tv.yml,黑龙江,黑龙江都市,直连流(内嵌),https://www.hljtv.com/tv-web/live.html?url=https://idclive.hljtv.com:4430/live/dushi_hd.m3u8,https://idclive.hljtv.com:4430/live/dushi_hd.m3u8
主源,tv.yml,黑龙江,黑龙江农业·科技,直连流(内嵌),https://www.hljtv.com/tv-web/live.html?url=https://idclive.hljtv.com:4430/live/hljgg_hd.m3u8,https://idclive.hljtv.com:4430/live/hljgg_hd.m3u8
主源,tv.yml,黑龙江,黑龙江少儿,直连流(内嵌),https://www.hljtv.com/tv-web/live.html?url=https://idclive.hljtv.com:4430/live/hljse_hd.m3u8,https://idclive.hljtv.com:4430/live/hljse_hd.m3u8
主源,tv.yml,黑龙江,哈尔滨新闻综合,网页,https://www.hrbtv.net/folder79/folder81/,https://www.hrbtv.net/folder79/folder81/
主源,tv.yml,黑龙江,哈尔滨生活,网页,https://www.hrbtv.net/folder79/folder85/,https://www.hrbtv.net/folder79/folder85/
主源,tv.yml,黑龙江,哈尔滨影视,网页,https://www.hrbtv.net/folder79/folder87/,https://www.hrbtv.net/folder79/folder87/
主源,tv.yml,黑龙江,齐齐哈尔新闻综合,网页,https://www.qqhrnews.cn/p/qiqihaerxinwen.html,https://www.qqhrnews.cn/p/qiqihaerxinwen.html
主源,tv.yml,黑龙江,齐齐哈尔经济·法治,网页,https://www.qqhrnews.cn/p/jingjifazhipindao.html,https://www.qqhrnews.cn/p/jingjifazhipindao.html
主源,tv.yml,黑龙江,绥化新闻综合,直连流(内嵌),https://tv.utao.tv/tv-web/live.html?url=https://liveplaysr.dbw.cn/lsdream/amzPoBP/1000/live.m3u8,https://liveplaysr.dbw.cn/lsdream/amzPoBP/1000/live.m3u8
主源,tv.yml,黑龙江,黑龙江农业科教,网页,https://www.dbw.cn/zhibodan/zhibo_dan/hljnykj/,https://www.dbw.cn/zhibodan/zhibo_dan/hljnykj/
主源,tv.yml,黑龙江,大庆教育,网页,https://web.guangdianyun.tv/tv/2283?uin=1463,https://web.guangdianyun.tv/tv/2283?uin=1463
主源,tv.yml,湖北,湖北卫视,网页,https://news.hbtv.com.cn/app/tv/431,https://news.hbtv.com.cn/app/tv/431
主源,tv.yml,湖北,湖北经视,网页,https://news.hbtv.com.cn/app/tv/432,https://news.hbtv.com.cn/app/tv/432
主源,tv.yml,湖北,湖北综合,网页,https://news.hbtv.com.cn/app/tv/433,https://news.hbtv.com.cn/app/tv/433
主源,tv.yml,湖北,湖北影视,网页,https://news.hbtv.com.cn/app/tv/435,https://news.hbtv.com.cn/app/tv/435
主源,tv.yml,湖北,湖北生活,网页,https://news.hbtv.com.cn/app/tv/436,https://news.hbtv.com.cn/app/tv/436
主源,tv.yml,湖北,湖北教育,网页,https://news.hbtv.com.cn/app/tv/437,https://news.hbtv.com.cn/app/tv/437
主源,tv.yml,湖北,湖北垄上,网页,https://news.hbtv.com.cn/app/tv/438,https://news.hbtv.com.cn/app/tv/438
主源,tv.yml,湖北,十堰新闻综合,网页,https://www.syiptv.com/tv?station_id=1,https://www.syiptv.com/tv?station_id=1
主源,tv.yml,湖北,十堰经济旅游,网页,https://www.syiptv.com/tv?station_id=3,https://www.syiptv.com/tv?station_id=3
主源,tv.yml,湖北,孝感新闻综合,网页,https://share.xgrb.cn/live_details?newsid=25009136_xgrb,https://share.xgrb.cn/live_details?newsid=25009136_xgrb
主源,tv.yml,湖北,孝感生活,网页,https://share.xgrb.cn/live_detail?newsid=25009684_xgrb,https://share.xgrb.cn/live_detail?newsid=25009684_xgrb
主源,tv.yml,湖北,荆州新闻综合,网页,http://m-jingzhou.cjyun.org/dszb,http://m-jingzhou.cjyun.org/dszb
主源,tv.yml,湖北,咸宁综合,网页,https://app.cjyun.org.cn/video/videojs/index?site_id=10140&id=91&page=canvas&live_type=1&ujs=X3R2RnVuYy5mdWxsc2NyZWVuVygidmlkZW8iKQ==,https://app.cjyun.org.cn/video/videojs/index?site_id=10140&id=91&page=canvas&live_type=1&ujs=X3R2RnVuYy5mdWxsc2NyZWVuVygidmlkZW8iKQ==
主源,tv.yml,湖北,咸宁经济生活,网页,https://app.cjyun.org.cn/video/videojs/index?site_id=10140&id=91&page=canvas&live_type=1&ujs=JCQoJy52aWRlby1saXN0IC5saScpLmZpbHRlcihmdW5jdGlvbigpIHtyZXR1cm4gJCh0aGlzKS50ZXh0KCkudHJpbSgpID09PSAn57uP5rWO55Sf5rS7Jzt9KS5jbGljaygpO190dkZ1bmMuZnVsbHNjcmVlblcoInZpZGVvIik=,https://app.cjyun.org.cn/video/videojs/index?site_id=10140&id=91&page=canvas&live_type=1&ujs=JCQoJy52aWRlby1saXN0IC5saScpLmZpbHRlcihmdW5jdGlvbigpIHtyZXR1cm4gJCh0aGlzKS50ZXh0KCkudHJpbSgpID09PSAn57uP5rWO55Sf5rS7Jzt9KS5jbGljaygpO190dkZ1bmMuZnVsbHNjcmVlblcoInZpZGVvIik=
主源,tv.yml,湖北,宜昌三峡综合,直连流(内嵌),https://liveplay.ycrmt.cn/tv-web/live.html?url=https://liveplay.ycrmt.cn/sxgd/zhpd.m3u8,https://liveplay.ycrmt.cn/sxgd/zhpd.m3u8
主源,tv.yml,湖北,宜昌三峡旅游生活,直连流(内嵌),https://liveplay.ycrmt.cn/tv-web/live.html?url=https://liveplay.ycrmt.cn/sxgd/lysh.m3u8,https://liveplay.ycrmt.cn/sxgd/lysh.m3u8
主源,tv.yml,湖北,荆门新闻综合,网页,http://cjy.jptnews.cn/p/353048.html,http://cjy.jptnews.cn/p/353048.html
主源,tv.yml,湖北,荆门科教文旅,网页,http://cjy.jptnews.cn/p/353049.html,http://cjy.jptnews.cn/p/353049.html
主源,tv.yml,湖北,襄阳综合,网页,https://xiangyang.cjyun.org/app/streamradio/142?u-link=1,https://xiangyang.cjyun.org/app/streamradio/142?u-link=1
主源,tv.yml,湖北,襄阳经济生活,网页,https://xiangyang.cjyun.org/app/streamradio/138?u-link=1,https://xiangyang.cjyun.org/app/streamradio/138?u-link=1
主源,tv.yml,湖北,襄阳公共,网页,https://xiangyang.cjyun.org/app/streamradio/130?u-link=1,https://xiangyang.cjyun.org/app/streamradio/130?u-link=1
主源,tv.yml,湖北,随州综合,网页,http://m-suizhou.cjyun.org/dsgb?20220318,http://m-suizhou.cjyun.org/dsgb?20220318
主源,tv.yml,湖北,随州农村,网页,http://m-suizhou.cjyun.org/dsgb?20220318&ujs=JCQoJyN2aWRlb193cmFwIGxpJykuZmlsdGVyKGZ1bmN0aW9uKCkge3JldHVybiAkJCh0aGlzKS50ZXh0KCkudHJpbSgpID09PSAn6ZqP5bee5Yac5p2RJzt9KS5jbGljaygpOw==,http://m-suizhou.cjyun.org/dsgb?20220318&ujs=JCQoJyN2aWRlb193cmFwIGxpJykuZmlsdGVyKGZ1bmN0aW9uKCkge3JldHVybiAkJCh0aGlzKS50ZXh0KCkudHJpbSgpID09PSAn6ZqP5bee5Yac5p2RJzt9KS5jbGljaygpOw==
主源,tv.yml,湖北,恩施文旅,网页,https://web.guangdianyun.tv/tv/1811?uin=3179,https://web.guangdianyun.tv/tv/1811?uin=3179
主源,tv.yml,湖南,湖南经视,网页,https://www.mgtv.com/live/?tag=湖南经视,https://www.mgtv.com/live/?tag=湖南经视
主源,tv.yml,湖南,湖南娱乐,网页,https://www.mgtv.com/live/?tag=湖南娱乐,https://www.mgtv.com/live/?tag=湖南娱乐
主源,tv.yml,湖南,湖南电影,网页,https://www.mgtv.com/live/?tag=湖南电影,https://www.mgtv.com/live/?tag=湖南电影
主源,tv.yml,湖南,湖南都市,网页,https://www.mgtv.com/live/?tag=湖南都市,https://www.mgtv.com/live/?tag=湖南都市
主源,tv.yml,湖南,湖南电视剧,网页,https://www.mgtv.com/live/?tag=湖南电视剧,https://www.mgtv.com/live/?tag=湖南电视剧
主源,tv.yml,湖南,金鹰纪实,网页,https://www.mgtv.com/live/?tag=金鹰纪实,https://www.mgtv.com/live/?tag=金鹰纪实
主源,tv.yml,湖南,湖南爱晚,网页,https://www.mgtv.com/live/?tag=湖南爱晚,https://www.mgtv.com/live/?tag=湖南爱晚
主源,tv.yml,湖南,国际频道,网页,https://www.mgtv.com/live/?tag=国际频道,https://www.mgtv.com/live/?tag=国际频道
主源,tv.yml,湖南,先锋乒羽,网页,https://www.mgtv.com/live/?tag=先锋乒羽,https://www.mgtv.com/live/?tag=先锋乒羽
主源,tv.yml,湖南,茶频道,网页,https://www.mgtv.com/live/?tag=茶频道,https://www.mgtv.com/live/?tag=茶频道
主源,tv.yml,湖南,快乐垂钓,网页,https://www.mgtv.com/live/?tag=快乐垂钓,https://www.mgtv.com/live/?tag=快乐垂钓
主源,tv.yml,湖南,长沙新闻综合,网页,https://www.mgtv.com/live/?tag=长沙新闻综合,https://www.mgtv.com/live/?tag=长沙新闻综合
主源,tv.yml,湖南,长沙政法,网页,https://www.mgtv.com/live/?tag=长沙政法,https://www.mgtv.com/live/?tag=长沙政法
主源,tv.yml,湖南,湘西新闻综合,网页,https://web.guangdianyun.tv/tv/2581?uin=3815&aid=17hnxxz&pt=2&fxbs=1,https://web.guangdianyun.tv/tv/2581?uin=3815&aid=17hnxxz&pt=2&fxbs=1
主源,tv.yml,湖南,湘西文化旅游,网页,https://web.guangdianyun.tv/tv/2582?uin=3815&aid=17hnxxz&pt=2&fxbs=1,https://web.guangdianyun.tv/tv/2582?uin=3815&aid=17hnxxz&pt=2&fxbs=1
主源,tv.yml,湖南,长沙新闻综合,网页,https://web.guangdianyun.tv/tv/346?uin=1648&userSource=weixin,https://web.guangdianyun.tv/tv/346?uin=1648&userSource=weixin
主源,tv.yml,湖南,长沙文旅,网页,https://web.guangdianyun.tv/tv/3830?uin=1648&userSource=weixin,https://web.guangdianyun.tv/tv/3830?uin=1648&userSource=weixin
主源,tv.yml,湖南,长沙移动电视,网页,https://web.guangdianyun.tv/tv/356?uin=1648&userSource=weixin,https://web.guangdianyun.tv/tv/356?uin=1648&userSource=weixin
主源,tv.yml,湖南,邵阳新闻综合,网页,http://www.sytv.net.cn/folder2188/folder2190,http://www.sytv.net.cn/folder2188/folder2190
主源,tv.yml,湖南,岳阳新闻综合,网页,https://web.guangdianyun.tv/tv/1699?uin=2193,https://web.guangdianyun.tv/tv/1699?uin=2193
主源,tv.yml,湖南,岳阳文旅都市,网页,https://web.guangdianyun.tv/tv/1701?uin=2193,https://web.guangdianyun.tv/tv/1701?uin=2193
主源,tv.yml,湖南,娄底综合,网页,http://www.ldntv.cn/folder51/folder154/folder171,http://www.ldntv.cn/folder51/folder154/folder171
主源,tv.yml,湖南,郴州综合,网页,https://www.ngcz.tv/folder83/folder86,https://www.ngcz.tv/folder83/folder86
主源,tv.yml,湖南,资兴电视台,网页,https://wap.zixingxinwen.cn/live/index.html?liveid=2329,https://wap.zixingxinwen.cn/live/index.html?liveid=2329
主源,tv.yml,江西,江西卫视,网页,https://www.jxntv.cn/live/?tag=1#/jxtv1,https://www.jxntv.cn/live/?tag=1#/jxtv1
主源,tv.yml,江西,江西都市,网页,https://www.jxntv.cn/live/?tag=1#/jxtv2,https://www.jxntv.cn/live/?tag=1#/jxtv2
主源,tv.yml,江西,江西经济生活,网页,https://www.jxntv.cn/live/?tag=2#/jxtv3,https://www.jxntv.cn/live/?tag=2#/jxtv3
主源,tv.yml,江西,江西影视,网页,https://www.jxntv.cn/live/?tag=3#/jxtv4,https://www.jxntv.cn/live/?tag=3#/jxtv4
主源,tv.yml,江西,江西农业,网页,https://www.jxntv.cn/live/?tag=4#/jxtv5,https://www.jxntv.cn/live/?tag=4#/jxtv5
主源,tv.yml,江西,江西新闻,网页,https://www.jxntv.cn/live/?tag=6#/jxtv7,https://www.jxntv.cn/live/?tag=6#/jxtv7
主源,tv.yml,江西,江西移动,网页,https://www.jxntv.cn/live/?tag=7#/jxtv8,https://www.jxntv.cn/live/?tag=7#/jxtv8
主源,tv.yml,江西,江西陶瓷,网页,https://www.jxntv.cn/live/?tag=8#/jxtv9,https://www.jxntv.cn/live/?tag=8#/jxtv9
主源,tv.yml,江西,宜春新闻综合,网页,https://h5-yc.newsyc.com/front-cloudlive-manage-h5/index.html?id=610897459610271744&company_id=397#/,https://h5-yc.newsyc.com/front-cloudlive-manage-h5/index.html?id=610897459610271744&company_id=397#/
主源,tv.yml,江西,宜春法治·民生,网页,https://h5-yc.newsyc.com/front-cloudlive-manage-h5/index.html?id=636127231831396352&company_id=397#/,https://h5-yc.newsyc.com/front-cloudlive-manage-h5/index.html?id=636127231831396352&company_id=397#/
主源,tv.yml,江西,南昌新闻综合,网页,https://www.nctv.net.cn/live,https://www.nctv.net.cn/live
主源,tv.yml,新疆,新疆1套,网页,https://www.xjtvs.com.cn/column/tv/434?channelId=1,https://www.xjtvs.com.cn/column/tv/434?channelId=1
主源,tv.yml,新疆,新疆2套,网页,https://www.xjtvs.com.cn/column/tv/434?channelId=3,https://www.xjtvs.com.cn/column/tv/434?channelId=3
主源,tv.yml,新疆,新疆3套,网页,https://www.xjtvs.com.cn/column/tv/434?channelId=4,https://www.xjtvs.com.cn/column/tv/434?channelId=4
主源,tv.yml,新疆,新疆4套,网页,https://www.xjtvs.com.cn/column/tv/434?channelId=16,https://www.xjtvs.com.cn/column/tv/434?channelId=16
主源,tv.yml,新疆,新疆5套,网页,https://www.xjtvs.com.cn/column/tv/434?channelId=17,https://www.xjtvs.com.cn/column/tv/434?channelId=17
主源,tv.yml,新疆,新疆7套,网页,https://www.xjtvs.com.cn/column/tv/434?channelId=21,https://www.xjtvs.com.cn/column/tv/434?channelId=21
主源,tv.yml,新疆,新疆8套,网页,https://www.xjtvs.com.cn/column/tv/434?channelId=23,https://www.xjtvs.com.cn/column/tv/434?channelId=23
主源,tv.yml,新疆,新建兵团卫视,网页,https://www.btzx.com.cn/2024new/new_zhibo/index.shtml,https://www.btzx.com.cn/2024new/new_zhibo/index.shtml
主源,tv.yml,新疆,八师石河子新闻综合,网页,http://www.shznews.com/TV.html,http://www.shznews.com/TV.html
主源,tv.yml,新疆,克拉玛依汉语综合,直连流(内嵌),https://tv.utao.tv/tv-web/live.html?url=https://klmysjtzb.rcsxzx.com/hls/klmy1.m3u8,https://klmysjtzb.rcsxzx.com/hls/klmy1.m3u8
主源,tv.yml,新疆,克拉玛依维语综合,直连流(内嵌),https://tv.utao.tv/tv-web/live.html?url=https://klmysjtzb.rcsxzx.com/hls/klmy2.m3u8,https://klmysjtzb.rcsxzx.com/hls/klmy2.m3u8
主源,tv.yml,新疆,克拉玛依文化影视,直连流(内嵌),https://tv.utao.tv/tv-web/live.html?url=https://klmysjtzb.rcsxzx.com/hls/klmy3.m3u8,https://klmysjtzb.rcsxzx.com/hls/klmy3.m3u8
主源,tv.yml,新疆,哈密汉语综合,直连流(内嵌),https://tv.utao.tv/tv-web/live.html?url=https://tvpull.hmgbtv.com/hmtv/channel9cd66b3d5d258b2b/playlist.m3u8,https://tvpull.hmgbtv.com/hmtv/channel9cd66b3d5d258b2b/playlist.m3u8
主源,tv.yml,新疆,哈密维语综合,直连流(内嵌),https://tv.utao.tv/tv-web/live.html?url=https://tvpull.hmgbtv.com/hmtv/channel108259412c6a6711/playlist.m3u8,https://tvpull.hmgbtv.com/hmtv/channel108259412c6a6711/playlist.m3u8
主源,tv.yml,新疆,哈密影视文艺,直连流(内嵌),https://tv.utao.tv/tv-web/live.html?url=https://tvpull.hmgbtv.com/hmtv/channelfb0e5c505477aa44/playlist.m3u8,https://tvpull.hmgbtv.com/hmtv/channelfb0e5c505477aa44/playlist.m3u8
主源,tv.yml,甘肃,甘肃卫视,直连流(内嵌),https://www.gstv.com.cn/tv-web/live.html?url=https://hls.gstv.com.cn/skt649/nd6ycc.m3u8,https://hls.gstv.com.cn/skt649/nd6ycc.m3u8
主源,tv.yml,甘肃,甘肃文化影视,直连流(内嵌),https://www.gstv.com.cn/tv-web/live.html?url=https://hls.gstv.com.cn/skt649/z6znm4.m3u8,https://hls.gstv.com.cn/skt649/z6znm4.m3u8
主源,tv.yml,甘肃,甘肃公共应急,直连流(内嵌),https://www.gstv.com.cn/tv-web/live.html?url=https://hls.gstv.com.cn/skt649/j8x8ga.m3u8,https://hls.gstv.com.cn/skt649/j8x8ga.m3u8
主源,tv.yml,甘肃,甘肃少儿频道,直连流(内嵌),https://www.gstv.com.cn/tv-web/live.html?url=https://hls.gstv.com.cn/skt649/ys1xzs.m3u8,https://hls.gstv.com.cn/skt649/ys1xzs.m3u8
主源,tv.yml,甘肃,甘肃科教频道,直连流(内嵌),https://www.gstv.com.cn/tv-web/live.html?url=https://hls.gstv.com.cn/skt649/e2a4gl.m3u8,https://hls.gstv.com.cn/skt649/e2a4gl.m3u8
主源,tv.yml,甘肃,甘肃移动电视,直连流(内嵌),https://www.gstv.com.cn/tv-web/live.html?url=https://hls.gstv.com.cn/skt649/w07at3.m3u8,https://hls.gstv.com.cn/skt649/w07at3.m3u8
主源,tv.yml,甘肃,兰州新闻综合,网页,https://lanzhoubcnew.zainanjing365.com/share/live/detailTv?resourceId=12&appscheme=gdmm-ailanzhou,https://lanzhoubcnew.zainanjing365.com/share/live/detailTv?resourceId=12&appscheme=gdmm-ailanzhou
主源,tv.yml,甘肃,兰州文旅,网页,https://lanzhoubcnew.zainanjing365.com/share/live/detailTv?resourceId=14&appscheme=gdmm-ailanzhou,https://lanzhoubcnew.zainanjing365.com/share/live/detailTv?resourceId=14&appscheme=gdmm-ailanzhou
主源,tv.yml,甘肃,陇南综合,直连流(内嵌),https://tv.utao.tv/tv-web/live.html?url=https://play.kankanlive.com/live/1709171819929902.m3u8,https://play.kankanlive.com/live/1709171819929902.m3u8
主源,tv.yml,甘肃,陇南公共,直连流(内嵌),https://tv.utao.tv/tv-web/live.html?url=https://play.kankanlive.com/live/1709171893138901.m3u8,https://play.kankanlive.com/live/1709171893138901.m3u8
主源,tv.yml,甘肃,白银综合,直连流(内嵌),https://tv.utao.tv/tv-web/live.html?url=https://play.kankanlive.com/live/1720408089419110.m3u8,https://play.kankanlive.com/live/1720408089419110.m3u8
主源,tv.yml,甘肃,白银文化教育,直连流(内嵌),https://tv.utao.tv/tv-web/live.html?url=https://play.kankanlive.com/live/1720408280309109.m3u8,https://play.kankanlive.com/live/1720408280309109.m3u8
主源,tv.yml,甘肃,定西综合,直连流(内嵌),https://tv.utao.tv/tv-web/live.html?url=http://play.kankanlive.com/live/1745232061100288.m3u8,http://play.kankanlive.com/live/1745232061100288.m3u8
主源,tv.yml,甘肃,定西文旅生活,直连流(内嵌),https://tv.utao.tv/tv-web/live.html?url=http://play.kankanlive.com/live/1745232082475287.m3u8,http://play.kankanlive.com/live/1745232082475287.m3u8
主源,tv.yml,甘肃,平凉新闻综合,直连流(内嵌),https://tv.utao.tv/tv-web/live.html?url=https://play.kankanlive.com/live/1694661314645984.m3u8,https://play.kankanlive.com/live/1694661314645984.m3u8
主源,tv.yml,宁夏,宁夏卫视,直连流(内嵌),https://api.chinaaudiovisual.cn/tv-web/live.html?url=https://hls.ningxiahuangheyun.com/live/nxws1M.m3u8,https://hls.ningxiahuangheyun.com/live/nxws1M.m3u8
主源,tv.yml,宁夏,宁夏公共,直连流(内嵌),https://api.chinaaudiovisual.cn/tv-web/live.html?url=https://hls.ningxiahuangheyun.com/live/nxgg1M.m3u8,https://hls.ningxiahuangheyun.com/live/nxgg1M.m3u8
主源,tv.yml,宁夏,宁夏经济,直连流(内嵌),https://api.chinaaudiovisual.cn/tv-web/live.html?url=https://hls.ningxiahuangheyun.com/live/nxjj1M.m3u8,https://hls.ningxiahuangheyun.com/live/nxjj1M.m3u8
主源,tv.yml,宁夏,宁夏文旅,直连流(内嵌),https://api.chinaaudiovisual.cn/tv-web/live.html?url=https://hls.ningxiahuangheyun.com/live/nxwl1M.m3u8,https://hls.ningxiahuangheyun.com/live/nxwl1M.m3u8
主源,tv.yml,宁夏,宁夏少儿,直连流(内嵌),https://api.chinaaudiovisual.cn/tv-web/live.html?url=https://hls.ningxiahuangheyun.com/live/nxse1M.m3u8,https://hls.ningxiahuangheyun.com/live/nxse1M.m3u8
主源,tv.yml,宁夏,银川公共,网页,https://www.qukanvideo.com/cloud/h5/1731639141671136?utaot=1,https://www.qukanvideo.com/cloud/h5/1731639141671136?utaot=1
主源,tv.yml,宁夏,银川生活,网页,https://www.qukanvideo.com/cloud/h5/1731638744888001?utaot=1,https://www.qukanvideo.com/cloud/h5/1731638744888001?utaot=1
主源,tv.yml,宁夏,银川文体,网页,https://www.qukanvideo.com/cloud/h5/1728443786945132?utaot=1,https://www.qukanvideo.com/cloud/h5/1728443786945132?utaot=1
主源,tv.yml,宁夏,石嘴山综合,网页,https://jrszs.szsnews.com/application/tenma01zx_eqlil/view/h5/index.html#/pages/artical/detail?id=336405&infoType=1&timestamp=1757849532239,https://jrszs.szsnews.com/application/tenma01zx_eqlil/view/h5/index.html#/pages/artical/detail?id=336405&infoType=1&timestamp=1757849532239
主源,tv.yml,宁夏,石嘴山公共,网页,https://jrszs.szsnews.com/application/tenma01zx_eqlil/view/h5/index.html#/pages/artical/detail?id=336406&infoType=1&timestamp=1757849613110,https://jrszs.szsnews.com/application/tenma01zx_eqlil/view/h5/index.html#/pages/artical/detail?id=336406&infoType=1&timestamp=1757849613110
主源,tv.yml,内蒙古,内蒙古卫视,网页,https://www.nmtv.cn/liveTv?tag=内蒙古卫视,https://www.nmtv.cn/liveTv?tag=内蒙古卫视
主源,tv.yml,内蒙古,内蒙古新闻综合,网页,https://www.nmtv.cn/liveTv?tag=新闻综合,https://www.nmtv.cn/liveTv?tag=新闻综合
主源,tv.yml,内蒙古,内蒙古经济生活,网页,https://www.nmtv.cn/liveTv?tag=经济生活,https://www.nmtv.cn/liveTv?tag=经济生活
主源,tv.yml,内蒙古,内蒙古文体娱乐,网页,https://www.nmtv.cn/liveTv?tag=文体娱乐,https://www.nmtv.cn/liveTv?tag=文体娱乐
主源,tv.yml,内蒙古,内蒙古农牧,网页,https://www.nmtv.cn/liveTv?tag=农牧频道,https://www.nmtv.cn/liveTv?tag=农牧频道
主源,tv.yml,内蒙古,内蒙古蒙语卫视,网页,https://www.nmtv.cn/liveTv?tag=内蒙古蒙古语卫视,https://www.nmtv.cn/liveTv?tag=内蒙古蒙古语卫视
主源,tv.yml,内蒙古,内蒙古蒙语文化,网页,https://www.nmtv.cn/liveTv?tag=内蒙古蒙古语文化,https://www.nmtv.cn/liveTv?tag=内蒙古蒙古语文化
主源,tv.yml,内蒙古,呼和浩特新闻综合,网页,https://www.nmtv.cn/liveTv?tag=呼和浩特,https://www.nmtv.cn/liveTv?tag=呼和浩特
主源,tv.yml,内蒙古,包头新闻综合,网页,https://www.nmtv.cn/liveTv?tag=包头,https://www.nmtv.cn/liveTv?tag=包头
主源,tv.yml,内蒙古,乌海新闻综合,网页,https://www.nmtv.cn/liveTv?tag=乌海,https://www.nmtv.cn/liveTv?tag=乌海
主源,tv.yml,内蒙古,赤峰新闻综合,网页,https://www.nmtv.cn/liveTv?tag=赤峰,https://www.nmtv.cn/liveTv?tag=赤峰
主源,tv.yml,内蒙古,呼伦贝尔新闻综合,网页,https://www.nmtv.cn/liveTv?tag=呼伦贝尔,https://www.nmtv.cn/liveTv?tag=呼伦贝尔
主源,tv.yml,内蒙古,兴安盟新闻综合,网页,https://www.nmtv.cn/liveTv?tag=兴安盟,https://www.nmtv.cn/liveTv?tag=兴安盟
主源,tv.yml,内蒙古,通辽新闻综合,网页,https://www.nmtv.cn/liveTv?tag=通辽,https://www.nmtv.cn/liveTv?tag=通辽
主源,tv.yml,内蒙古,锡林郭勒新闻综合,网页,https://www.nmtv.cn/liveTv?tag=锡林郭勒,https://www.nmtv.cn/liveTv?tag=锡林郭勒
主源,tv.yml,内蒙古,阿拉善新闻综合,网页,https://www.nmtv.cn/liveTv?tag=阿拉善,https://www.nmtv.cn/liveTv?tag=阿拉善
主源,tv.yml,内蒙古,鄂尔多斯新闻综合,网页,https://www.nmtv.cn/liveTv?tag=鄂尔多斯,https://www.nmtv.cn/liveTv?tag=鄂尔多斯
主源,tv.yml,内蒙古,巴彦淖尔新闻综合,网页,https://www.nmtv.cn/liveTv?tag=巴彦淖尔,https://www.nmtv.cn/liveTv?tag=巴彦淖尔
主源,tv.yml,内蒙古,乌兰察布新闻综合,网页,https://www.nmtv.cn/liveTv?tag=乌兰察布,https://www.nmtv.cn/liveTv?tag=乌兰察布
主源,tv.yml,内蒙古,乌海都市生活,网页,https://app.wuhainews.org.cn/folder17/share/live/?channel_id=9,https://app.wuhainews.org.cn/folder17/share/live/?channel_id=9
主源,tv.yml,内蒙古,赤峰经济服务,网页,http://h5.cfrmw.cn/front-cloudlive-manage-h5/index.html?id=722728110696456192&company_id=1073#/,http://h5.cfrmw.cn/front-cloudlive-manage-h5/index.html?id=722728110696456192&company_id=1073#/
主源,tv.yml,内蒙古,赤峰影视娱乐,网页,http://h5.cfrmw.cn/front-cloudlive-manage-h5/index.html?id=722728404075438080&company_id=1073#/,http://h5.cfrmw.cn/front-cloudlive-manage-h5/index.html?id=722728404075438080&company_id=1073#/
主源,tv.yml,内蒙古,乌兰察布经济生活,抽流页(js),https://res.wrbtv.cn/html/rft/live.html?channelId=f5c8509c3b7b4c76b691d1863be29d27&type=1&siteId=82dcdad6b80b4f2d8a13067e5fce2e7a&shareAppId=82dcdad6b80b4f2d8a13067e5fce2e7a,https://res.wrbtv.cn/html/rft/live.html?channelId=f5c8509c3b7b4c76b691d1863be29d27&type=1&siteId=82dcdad6b80b4f2d8a13067e5fce2e7a&shareAppId=82dcdad6b80b4f2d8a13067e5fce2e7a
主源,tv.yml,西藏,拉萨藏语综合,直连流(内嵌),https://tv.utao.tv/tv-web/live.html?url=https://tvfile.lasatv.cn/nmip-media/channellive/channel104335/playlist.m3u8,https://tvfile.lasatv.cn/nmip-media/channellive/channel104335/playlist.m3u8
主源,tv.yml,西藏,拉萨综合,直连流(内嵌),https://tv.utao.tv/tv-web/live.html?url=https://tvfile.lasatv.cn/nmip-media/channellive/channel101894/playlist.m3u8,https://tvfile.lasatv.cn/nmip-media/channellive/channel101894/playlist.m3u8
主源,tv.yml,西藏,拉萨文化旅游,直连流(内嵌),https://tv.utao.tv/tv-web/live.html?url=https://tvfile.lasatv.cn/nmip-media/channellive/channel103157/playlist.m3u8,https://tvfile.lasatv.cn/nmip-media/channellive/channel103157/playlist.m3u8
主源,tv.yml,西藏,日喀则汉语,直连流(内嵌),https://tv.utao.tv/tv-web/live.html?url=https://console.rkzrm.cn:20323/4.m3u8,https://console.rkzrm.cn:20323/4.m3u8
主源,tv.yml,西藏,日喀则藏语,直连流(内嵌),https://tv.utao.tv/tv-web/live.html?url=https://console.rkzrm.cn:20323/8.m3u8,https://console.rkzrm.cn:20323/8.m3u8
主源,tv.yml,西藏,拉萨文旅,网页,https://www.lasatv.cn/cms/tv,https://www.lasatv.cn/cms/tv
主源,tv.yml,海南,海南卫视,网页,https://service-app.hnntv.cn/AppEngine/appinfo/STHaiNan/share.html?userId=1&appId=STHaiNan&userId=1&channelId=13,https://service-app.hnntv.cn/AppEngine/appinfo/STHaiNan/share.html?userId=1&appId=STHaiNan&userId=1&channelId=13
主源,tv.yml,海南,三沙卫视,网页,https://service-app.hnntv.cn/AppEngine/appinfo/STHaiNan/share.html?userId=1&appId=STHaiNan&userId=1&channelId=5,https://service-app.hnntv.cn/AppEngine/appinfo/STHaiNan/share.html?userId=1&appId=STHaiNan&userId=1&channelId=5
主源,tv.yml,海南,海南自贸,网页,https://service-app.hnntv.cn/AppEngine/appinfo/STHaiNan/share.html?userId=1&appId=STHaiNan&userId=1&channelId=1,https://service-app.hnntv.cn/AppEngine/appinfo/STHaiNan/share.html?userId=1&appId=STHaiNan&userId=1&channelId=1
主源,tv.yml,海南,海南新闻,网页,https://service-app.hnntv.cn/AppEngine/appinfo/STHaiNan/share.html?userId=1&appId=STHaiNan&userId=1&channelId=3,https://service-app.hnntv.cn/AppEngine/appinfo/STHaiNan/share.html?userId=1&appId=STHaiNan&userId=1&channelId=3
主源,tv.yml,海南,海南公共,网页,https://service-app.hnntv.cn/AppEngine/appinfo/STHaiNan/share.html?userId=1&appId=STHaiNan&userId=1&channelId=4,https://service-app.hnntv.cn/AppEngine/appinfo/STHaiNan/share.html?userId=1&appId=STHaiNan&userId=1&channelId=4
主源,tv.yml,海南,海南文旅,网页,https://service-app.hnntv.cn/AppEngine/appinfo/STHaiNan/share.html?userId=1&appId=STHaiNan&userId=1&channelId=6,https://service-app.hnntv.cn/AppEngine/appinfo/STHaiNan/share.html?userId=1&appId=STHaiNan&userId=1&channelId=6
主源,tv.yml,海南,海口综合,网页,https://hkbtv.cn/h5/#/pagesVideo/tvDetail?articleType=1&id=6414658595168719921&publishType=2,https://hkbtv.cn/h5/#/pagesVideo/tvDetail?articleType=1&id=6414658595168719921&publishType=2
主源,tv.yml,海南,海口生活娱乐,网页,https://hkbtv.cn/h5/#/pagesVideo/tvDetail?articleType=1&id=6414658595168719192&publishType=2,https://hkbtv.cn/h5/#/pagesVideo/tvDetail?articleType=1&id=6414658595168719192&publishType=2
主源,tv.yml,海南,海口城乡经济,网页,https://hkbtv.cn/h5/#/pagesVideo/tvDetail?articleType=1&id=6414658595168719922&publishType=2,https://hkbtv.cn/h5/#/pagesVideo/tvDetail?articleType=1&id=6414658595168719922&publishType=2
主源,tv.yml,海南,儋州综合,网页,https://web.guangdianyun.tv/tv/1330?uin=1669,https://web.guangdianyun.tv/tv/1330?uin=1669
主源,tv.yml,贵州,贵州卫视,网页,https://www.gzstv.com/tv/ch01?utao=1,https://www.gzstv.com/tv/ch01?utao=1
主源,tv.yml,贵州,贵州公共,网页,https://www.gzstv.com/tv/ch02?utao=1,https://www.gzstv.com/tv/ch02?utao=1
主源,tv.yml,贵州,贵州影视文艺,网页,https://www.gzstv.com/tv/ch03?utao=1,https://www.gzstv.com/tv/ch03?utao=1
主源,tv.yml,贵州,贵州大众生活,网页,https://www.gzstv.com/tv/ch04?utao=1,https://www.gzstv.com/tv/ch04?utao=1
主源,tv.yml,贵州,贵州生态·乡村,网页,https://www.gzstv.com/tv/ch05?utao=1,https://www.gzstv.com/tv/ch05?utao=1
主源,tv.yml,贵州,贵州科教健康,网页,https://www.gzstv.com/tv/ch06?utao=1,https://www.gzstv.com/tv/ch06?utao=1
主源,tv.yml,贵州,贵州移动电视,网页,https://www.gzstv.com/tv/ch13?utao=1,https://www.gzstv.com/tv/ch13?utao=1
主源,tv.yml,贵州,黔南新闻综合,网页,http://m.qntv.net/cms-tv,http://m.qntv.net/cms-tv
主源,tv.yml,贵州,安顺新闻综合,网页,https://www.gzastv.cn/live/live.shtml,https://www.gzastv.cn/live/live.shtml
主源,tv.yml,青海,青海卫视,网页,https://h5.qhbtv.com.cn/front-cloudlive-manage-h5/index.html?id=786181204964564992&company_id=1075&utaot=1,https://h5.qhbtv.com.cn/front-cloudlive-manage-h5/index.html?id=786181204964564992&company_id=1075&utaot=1
主源,tv.yml,青海,青海经视,网页,https://h5.qhbtv.com.cn/front-cloudlive-manage-h5/index.html?id=786227316454875136&company_id=1075&utaot=1,https://h5.qhbtv.com.cn/front-cloudlive-manage-h5/index.html?id=786227316454875136&company_id=1075&utaot=1
主源,tv.yml,青海,青海都市,网页,https://h5.qhbtv.com.cn/front-cloudlive-manage-h5/index.html?id=786227009616371712&company_id=1075&utaot=1,https://h5.qhbtv.com.cn/front-cloudlive-manage-h5/index.html?id=786227009616371712&company_id=1075&utaot=1
主源,tv.yml,青海,西宁新闻综合,网页,https://xiningbcnew.zainanjing365.com/share/live/detailTv?resourceId=5&appscheme=gdmm-zhangshangxining,https://xiningbcnew.zainanjing365.com/share/live/detailTv?resourceId=5&appscheme=gdmm-zhangshangxining
主源,tv.yml,青海,西宁生活服务,网页,https://xiningbcnew.zainanjing365.com/share/live/detailTv?resourceId=6&appscheme=gdmm-zhangshangxining,https://xiningbcnew.zainanjing365.com/share/live/detailTv?resourceId=6&appscheme=gdmm-zhangshangxining
主源,tv.yml,云南,云南卫视,抽流页(js),https://www.yntv.cn/mobile/live.html,https://www.yntv.cn/mobile/live.html
主源,tv.yml,云南,云南都市,抽流页(js),https://www.yntv.cn/mobile/live.html?ujs=JCQoIiN5dW5uYW5kdXNoaSIpLmNsaWNrKCk=,https://www.yntv.cn/mobile/live.html?ujs=JCQoIiN5dW5uYW5kdXNoaSIpLmNsaWNrKCk=
主源,tv.yml,云南,云南娱乐,抽流页(js),https://www.yntv.cn/mobile/live.html?ujs=JCQoIiN5dW5uYW55dWxlIikuY2xpY2soKQ==,https://www.yntv.cn/mobile/live.html?ujs=JCQoIiN5dW5uYW55dWxlIikuY2xpY2soKQ==
主源,tv.yml,云南,云南康旅,抽流页(js),https://www.yntv.cn/mobile/live.html?ujs=JCQoIiN5dW5uYW5nb25nZ29uZyIpLmNsaWNrKCk=,https://www.yntv.cn/mobile/live.html?ujs=JCQoIiN5dW5uYW5nb25nZ29uZyIpLmNsaWNrKCk=
主源,tv.yml,云南,云南少儿,抽流页(js),https://www.yntv.cn/mobile/live.html?ujs=JCQoIiN5dW5uYW5zaGFvZXIiKS5jbGljaygp,https://www.yntv.cn/mobile/live.html?ujs=JCQoIiN5dW5uYW5zaGFvZXIiKS5jbGljaygp
主源,tv.yml,云南,澜湄国际,抽流页(js),https://www.yntv.cn/mobile/live.html?ujs=JCQoIiN5dW5uYW5ndW9qaSIpLmNsaWNrKCk=,https://www.yntv.cn/mobile/live.html?ujs=JCQoIiN5dW5uYW5ndW9qaSIpLmNsaWNrKCk=
主源,tv.yml,云南,丽江新闻综合,网页,https://www.lijiang.cn/live/,https://www.lijiang.cn/live/
主源,tv.yml,云南,普洱新闻综合,网页,https://www.puerw.cn/col1992.html,https://www.puerw.cn/col1992.html
主源,tv.yml,云南,临沧新闻综合,网页,https://mtydazzle.yntv.cn/pages/liveDetails/detail.html/?companyId=lincang&_id=5f51fa40e4b04f16d0288832&isTest=no,https://mtydazzle.yntv.cn/pages/liveDetails/detail.html/?companyId=lincang&_id=5f51fa40e4b04f16d0288832&isTest=no
主源,tv.yml,云南,临沧科教,网页,https://mtydazzle.yntv.cn/pages/liveDetails/detail.html/?companyId=lincang&_id=5f51f80ee4b04f16d0288801&isTest=no,https://mtydazzle.yntv.cn/pages/liveDetails/detail.html/?companyId=lincang&_id=5f51f80ee4b04f16d0288801&isTest=no
主源,tv.yml,云南,西双版纳新闻综合,直连流(内嵌),https://utao.tv/tv-web/live.html?url=https://channellive.xsbnw.cn/default/nmip-media/channellive/channel112526/playlist.m3u8,https://channellive.xsbnw.cn/default/nmip-media/channellive/channel112526/playlist.m3u8
主源,tv.yml,云南,西双版纳文化旅游,直连流(内嵌),https://utao.tv/tv-web/live.html?url=https://channellive.xsbnw.cn/default/nmip-media/channellive/channel112694/playlist.m3u8,https://channellive.xsbnw.cn/default/nmip-media/channellive/channel112694/playlist.m3u8
主源,tv.yml,云南,红河新闻综合,网页,https://www.hh.cn/ynhhzMini/site/tv,https://www.hh.cn/ynhhzMini/site/tv
主源,tv.yml,陕西,陕西卫视,网页,http://live.snrtv.com/star,http://live.snrtv.com/star
主源,tv.yml,陕西,农林卫视,网页,http://live.snrtv.com/nl,http://live.snrtv.com/nl
主源,tv.yml,陕西,陕西新闻资讯,网页,http://live.snrtv.com/1,http://live.snrtv.com/1
主源,tv.yml,陕西,陕西都市青春,网页,http://live.snrtv.com/2,http://live.snrtv.com/2
主源,tv.yml,陕西,陕西银龄,网页,http://live.snrtv.com/3,http://live.snrtv.com/3
主源,tv.yml,陕西,陕西秦腔,网页,http://live.snrtv.com/5,http://live.snrtv.com/5
主源,tv.yml,陕西,陕西体育休闲,网页,http://live.snrtv.com/7,http://live.snrtv.com/7
主源,tv.yml,陕西,陕西移动电视,网页,http://www.sxtvs.com/sxtvs_ydpd/index.html,http://www.sxtvs.com/sxtvs_ydpd/index.html
主源,tv.yml,陕西,西安新闻综合,网页,https://v.xiancity.cn/folder8/folder39/folder29/m/,https://v.xiancity.cn/folder8/folder39/folder29/m/
主源,tv.yml,陕西,西安都市,网页,https://v.xiancity.cn/folder8/folder39/folder30/m/,https://v.xiancity.cn/folder8/folder39/folder30/m/
主源,tv.yml,陕西,西安商务资讯,网页,https://v.xiancity.cn/folder8/folder39/folder31/m/,https://v.xiancity.cn/folder8/folder39/folder31/m/
主源,tv.yml,陕西,西安戏剧影视,网页,https://v.xiancity.cn/folder8/folder39/folder32/m/,https://v.xiancity.cn/folder8/folder39/folder32/m/
主源,tv.yml,陕西,西安丝路,网页,https://v.xiancity.cn/folder8/folder39/folder33/m/,https://v.xiancity.cn/folder8/folder39/folder33/m/
主源,tv.yml,陕西,铜川综合,网页,https://www.tcsrm.cn/tvradio/tczhpd.html,https://www.tcsrm.cn/tvradio/tczhpd.html
主源,tv.yml,陕西,铜川公共,网页,https://www.tcsrm.cn/tvradio/tcggpd.html,https://www.tcsrm.cn/tvradio/tcggpd.html
主源,tv.yml,陕西,榆林综合,直连流(内嵌),https://utao.tv/tv-web/live.html?url=https://49c1f938208318cdf8288bc36b62472a.livehwc4.com/hplayer1.juyun.tv/camera/186023110.m3u8,https://49c1f938208318cdf8288bc36b62472a.livehwc4.com/hplayer1.juyun.tv/camera/186023110.m3u8
主源,tv.yml,陕西,榆林文化旅游,直连流(内嵌),https://utao.tv/tv-web/live.html?url=https://49c1f938208318cdf8288bc36b62472a.livehwc4.com/hplayer1.juyun.tv/camera/186022194.m3u8,https://49c1f938208318cdf8288bc36b62472a.livehwc4.com/hplayer1.juyun.tv/camera/186022194.m3u8
主源,tv.yml,陕西,商洛综合,直连流(内嵌),https://utao.tv/tv-web/live.html?url=https://player4.juyun.tv/camera/171844138.m3u8,https://player4.juyun.tv/camera/171844138.m3u8
主源,tv.yml,陕西,延安综合,直连流(内嵌),https://utao.tv/tv-web/live.html?url=https://srs.yanews.cn/video/YATV-1/index.m3u8,https://srs.yanews.cn/video/YATV-1/index.m3u8
主源,tv.yml,陕西,延安公共,直连流(内嵌),https://utao.tv/tv-web/live.html?url=https://srs.yanews.cn/video/YATV-2/index.m3u8,https://srs.yanews.cn/video/YATV-2/index.m3u8
主源,tv.yml,陕西,咸阳综合,网页,https://www.sxxynews.com.cn/tvradio/xyzhpd.html,https://www.sxxynews.com.cn/tvradio/xyzhpd.html
主源,tv.yml,陕西,咸阳公共,网页,https://www.sxxynews.com.cn/tvradio/xyggpd.html,https://www.sxxynews.com.cn/tvradio/xyggpd.html
主源,tv.yml,陕西,榆林公共,网页,https://v.ylrb.com/2/2tsp/zb/dszb/336842.shtml,https://v.ylrb.com/2/2tsp/zb/dszb/336842.shtml
主源,tv.yml,陕西,西安移动电视,网页,https://v.xiancity.cn/folder8/,https://v.xiancity.cn/folder8/
主源,央视,央视,CCTV-13 新闻,央视网页,https://tv.cctv.com/live/cctv13/,https://tv.cctv.com/live/cctv13/
主源,央视,央视,CCTV-1 综合,央视网页,https://tv.cctv.com/live/cctv1/,https://tv.cctv.com/live/cctv1/
主源,央视,央视,CCTV-2 财经,央视网页,https://tv.cctv.com/live/cctv2/,https://tv.cctv.com/live/cctv2/
主源,央视,央视,CCTV-3 综艺,央视网页,https://tv.cctv.com/live/cctv3/,https://tv.cctv.com/live/cctv3/
主源,央视,央视,CCTV-4 中文国际,央视网页,https://tv.cctv.com/live/cctv4,https://tv.cctv.com/live/cctv4
主源,央视,央视,CCTV-5 体育,央视网页,https://tv.cctv.com/live/cctv5/,https://tv.cctv.com/live/cctv5/
主源,央视,央视,CCTV-5+ 体育赛事,央视网页,https://tv.cctv.com/live/cctv5plus/,https://tv.cctv.com/live/cctv5plus/
主源,央视,央视,CCTV-6 电影,央视网页,https://tv.cctv.com/live/cctv6/,https://tv.cctv.com/live/cctv6/
主源,央视,央视,CCTV-7 国防军事,央视网页,https://tv.cctv.com/live/cctv7/,https://tv.cctv.com/live/cctv7/
主源,央视,央视,CCTV-8 电视剧,央视网页,https://tv.cctv.com/live/cctv8/,https://tv.cctv.com/live/cctv8/
主源,央视,央视,CCTV-9 纪录,央视网页,https://tv.cctv.com/live/cctvjilu/,https://tv.cctv.com/live/cctvjilu/
主源,央视,央视,CCTV-10 科教,央视网页,https://tv.cctv.com/live/cctv10/,https://tv.cctv.com/live/cctv10/
主源,央视,央视,CCTV-11 戏曲,央视网页,https://tv.cctv.com/live/cctv11/,https://tv.cctv.com/live/cctv11/
主源,央视,央视,CCTV-12 社会与法,央视网页,https://tv.cctv.com/live/cctv12/,https://tv.cctv.com/live/cctv12/
主源,央视,央视,CCTV-15 音乐,央视网页,https://tv.cctv.com/live/cctv15/,https://tv.cctv.com/live/cctv15/
主源,央视,央视,CCTV-16 奥林匹克,央视网页,https://tv.cctv.com/live/cctv16/,https://tv.cctv.com/live/cctv16/
主源,央视,央视,CCTV-17 农业农村,央视网页,https://tv.cctv.com/live/cctv17/,https://tv.cctv.com/live/cctv17/
主源,央视,央视,1905电影,网页,https://m.1905.com/m/xl/live/,https://m.1905.com/m/xl/live/
主源,央视,央视,1905国际电影,网页,https://www.1905.com/1905tv/live/,https://www.1905.com/1905tv/live/
主源,央视,央视源2,CCTV13 新闻,央视网页,https://www.yangshipin.cn/tv/home?pid=600001811,https://www.yangshipin.cn/tv/home?pid=600001811
主源,央视,央视源2,CCTV1 综合,央视网页,https://www.yangshipin.cn/tv/home?pid=600001859,https://www.yangshipin.cn/tv/home?pid=600001859
主源,央视,央视源2,CCTV2 财经,央视网页,https://www.yangshipin.cn/tv/home?pid=600001800,https://www.yangshipin.cn/tv/home?pid=600001800
主源,央视,央视源2,CCTV3 综艺,央视网页,https://www.yangshipin.cn/tv/home?pid=600001801,https://www.yangshipin.cn/tv/home?pid=600001801
主源,央视,央视源2,CCTV4 中文国际,央视网页,https://www.yangshipin.cn/tv/home?pid=600001814,https://www.yangshipin.cn/tv/home?pid=600001814
主源,央视,央视源2,CCTV5 体育,央视网页,https://www.yangshipin.cn/tv/home?pid=600001818,https://www.yangshipin.cn/tv/home?pid=600001818
主源,央视,央视源2,CCTV5+ 体育赛事,央视网页,https://www.yangshipin.cn/tv/home?pid=600001817,https://www.yangshipin.cn/tv/home?pid=600001817
主源,央视,央视源2,CCTV6 电影,央视网页,https://www.yangshipin.cn/tv/home?pid=600108442,https://www.yangshipin.cn/tv/home?pid=600108442
主源,央视,央视源2,CCTV7 国防军事,央视网页,https://www.yangshipin.cn/tv/home?pid=600004092,https://www.yangshipin.cn/tv/home?pid=600004092
主源,央视,央视源2,CCTV8 电视剧,央视网页,https://www.yangshipin.cn/tv/home?pid=600001803,https://www.yangshipin.cn/tv/home?pid=600001803
主源,央视,央视源2,CCTV9 纪录,央视网页,https://www.yangshipin.cn/tv/home?pid=600004078,https://www.yangshipin.cn/tv/home?pid=600004078
主源,央视,央视源2,CCTV10 科教,央视网页,https://www.yangshipin.cn/tv/home?pid=600001805,https://www.yangshipin.cn/tv/home?pid=600001805
主源,央视,央视源2,CCTV11 戏曲,央视网页,https://www.yangshipin.cn/tv/home?pid=600001806,https://www.yangshipin.cn/tv/home?pid=600001806
主源,央视,央视源2,CCTV12 社会与法,央视网页,https://www.yangshipin.cn/tv/home?pid=600001807,https://www.yangshipin.cn/tv/home?pid=600001807
主源,央视,央视源2,CCTV14 少儿,央视网页,https://www.yangshipin.cn/tv/home?pid=600001809,https://www.yangshipin.cn/tv/home?pid=600001809
主源,央视,央视源2,CCTV15 音乐,央视网页,https://www.yangshipin.cn/tv/home?pid=600001815,https://www.yangshipin.cn/tv/home?pid=600001815
主源,央视,央视源2,CCTV16 奥林匹克,央视网页,https://www.yangshipin.cn/tv/home?pid=600098637,https://www.yangshipin.cn/tv/home?pid=600098637
主源,央视,央视源2,CCTV17 农业农村,央视网页,https://www.yangshipin.cn/tv/home?pid=600001810,https://www.yangshipin.cn/tv/home?pid=600001810
主源,央视,央视源2,CCTV4K,央视网页,https://www.yangshipin.cn/tv/home?pid=600002264,https://www.yangshipin.cn/tv/home?pid=600002264
主源,央视,央视源2,CCTV8K,央视网页,https://www.yangshipin.cn/tv/home?pid=600156816,https://www.yangshipin.cn/tv/home?pid=600156816
主源,央视,央视源2,CGTN,央视网页,https://www.yangshipin.cn/tv/home?pid=600014550,https://www.yangshipin.cn/tv/home?pid=600014550
主源,央视,央视源2,CGTN外语纪录频道,央视网页,https://www.yangshipin.cn/tv/home?pid=600084781,https://www.yangshipin.cn/tv/home?pid=600084781
主源,央视,央视源2,CCTV 风云剧场,央视网页,https://www.yangshipin.cn/tv/home?pid=600099658,https://www.yangshipin.cn/tv/home?pid=600099658
主源,央视,央视源2,CCTV 第一剧场,央视网页,https://www.yangshipin.cn/tv/home?pid=600099655,https://www.yangshipin.cn/tv/home?pid=600099655
主源,央视,央视源2,CCTV 怀旧剧场,央视网页,https://www.yangshipin.cn/tv/home?pid=600099620,https://www.yangshipin.cn/tv/home?pid=600099620
主源,央视,卫视,湖南卫视,央视网页,https://www.yangshipin.cn/tv/home?pid=600002475,https://www.yangshipin.cn/tv/home?pid=600002475
主源,央视,卫视,江苏卫视,央视网页,https://www.yangshipin.cn/tv/home?pid=600002521,https://www.yangshipin.cn/tv/home?pid=600002521
主源,央视,卫视,上海东方卫视,央视网页,https://www.yangshipin.cn/tv/home?pid=600002483,https://www.yangshipin.cn/tv/home?pid=600002483
主源,央视,卫视,浙江卫视,央视网页,https://www.yangshipin.cn/tv/home?pid=600002520,https://www.yangshipin.cn/tv/home?pid=600002520
主源,央视,卫视,北京卫视,央视网页,https://www.yangshipin.cn/tv/home?pid=600002309,https://www.yangshipin.cn/tv/home?pid=600002309
主源,央视,卫视,湖北卫视,央视网页,https://www.yangshipin.cn/tv/home?pid=600002508,https://www.yangshipin.cn/tv/home?pid=600002508
主源,央视,卫视,广东卫视,央视网页,https://www.yangshipin.cn/tv/home?pid=600002485,https://www.yangshipin.cn/tv/home?pid=600002485
主源,央视,卫视,广西卫视,央视网页,https://www.yangshipin.cn/tv/home?pid=600002509,https://www.yangshipin.cn/tv/home?pid=600002509
主源,央视,卫视,黑龙江卫视,央视网页,https://www.yangshipin.cn/tv/home?pid=600002498,https://www.yangshipin.cn/tv/home?pid=600002498
主源,央视,卫视,海南卫视,央视网页,https://www.yangshipin.cn/tv/home?pid=600002506,https://www.yangshipin.cn/tv/home?pid=600002506
主源,央视,卫视,重庆卫视,央视网页,https://www.yangshipin.cn/tv/home?pid=600002531,https://www.yangshipin.cn/tv/home?pid=600002531
主源,央视,卫视,深圳卫视,央视网页,https://www.yangshipin.cn/tv/home?pid=600002481,https://www.yangshipin.cn/tv/home?pid=600002481
主源,央视,卫视,四川卫视,央视网页,https://www.yangshipin.cn/tv/home?pid=600002516,https://www.yangshipin.cn/tv/home?pid=600002516
主源,央视,卫视,河南卫视,央视网页,https://www.yangshipin.cn/tv/home?pid=600002525,https://www.yangshipin.cn/tv/home?pid=600002525
主源,央视,卫视,福建东南卫视,央视网页,https://www.yangshipin.cn/tv/home?pid=600002484,https://www.yangshipin.cn/tv/home?pid=600002484
主源,央视,卫视,贵州卫视,央视网页,https://www.yangshipin.cn/tv/home?pid=600002490,https://www.yangshipin.cn/tv/home?pid=600002490
主源,央视,卫视,江西卫视,央视网页,https://www.yangshipin.cn/tv/home?pid=600002503,https://www.yangshipin.cn/tv/home?pid=600002503
主源,央视,卫视,辽宁卫视,央视网页,https://www.yangshipin.cn/tv/home?pid=600002505,https://www.yangshipin.cn/tv/home?pid=600002505
主源,央视,卫视,安徽卫视,央视网页,https://www.yangshipin.cn/tv/home?pid=600002532,https://www.yangshipin.cn/tv/home?pid=600002532
主源,央视,卫视,河北卫视,央视网页,https://www.yangshipin.cn/tv/home?pid=600002493,https://www.yangshipin.cn/tv/home?pid=600002493
主源,央视,卫视,山东卫视,央视网页,https://www.yangshipin.cn/tv/home?pid=600002513,https://www.yangshipin.cn/tv/home?pid=600002513
主源,央视,卫视,天津卫视,央视网页,https://www.yangshipin.cn/tv/home?pid=600152137,https://www.yangshipin.cn/tv/home?pid=600152137
主源,央视,卫视,吉林卫视,央视网页,https://www.yangshipin.cn/tv/home?pid=600190405,https://www.yangshipin.cn/tv/home?pid=600190405
主源,央视,卫视,陕西卫视,央视网页,https://www.yangshipin.cn/tv/home?pid=600190400,https://www.yangshipin.cn/tv/home?pid=600190400
主源,央视,卫视,甘肃卫视,央视网页,https://www.yangshipin.cn/tv/home?pid=600190408,https://www.yangshipin.cn/tv/home?pid=600190408
主源,央视,卫视,宁夏卫视,央视网页,https://www.yangshipin.cn/tv/home?pid=600190737,https://www.yangshipin.cn/tv/home?pid=600190737
主源,央视,卫视,内蒙古卫视,央视网页,https://www.yangshipin.cn/tv/home?pid=600190401,https://www.yangshipin.cn/tv/home?pid=600190401
主源,央视,卫视,云南卫视,央视网页,https://www.yangshipin.cn/tv/home?pid=600190402,https://www.yangshipin.cn/tv/home?pid=600190402
主源,央视,卫视,山西卫视,央视网页,https://www.yangshipin.cn/tv/home?pid=600190407,https://www.yangshipin.cn/tv/home?pid=600190407
主源,央视,卫视,青海卫视,央视网页,https://www.yangshipin.cn/tv/home?pid=600190406,https://www.yangshipin.cn/tv/home?pid=600190406
主源,央视,卫视,西藏卫视,央视网页,https://www.yangshipin.cn/tv/home?pid=600190403,https://www.yangshipin.cn/tv/home?pid=600190403
主源,央视,卫视,新疆卫视,央视网页,https://www.yangshipin.cn/tv/home?pid=600152138,https://www.yangshipin.cn/tv/home?pid=600152138
主源,央视,少儿,CCTV-14 少儿,央视网页,https://tv.cctv.com/live/cctvchild/,https://tv.cctv.com/live/cctvchild/
主源,央视,少儿,浙江少儿,网页,https://www.cztv.com/liveTV/108,https://www.cztv.com/liveTV/108
主源,央视,少儿,山东少儿,网页,https://v.iqilu.com/live/sepd/,https://v.iqilu.com/live/sepd/
主源,央视,少儿,优漫卡通,网页,https://live.jstv.com/?tag=优漫卡通,https://live.jstv.com/?tag=优漫卡通
主源,央视,少儿,南京少儿,网页,https://www.nbs.cn/live/?id=110095,https://www.nbs.cn/live/?id=110095
主源,央视,少儿,海南少儿,网页,https://service-app.hnntv.cn/AppEngine/appinfo/STHaiNan/share.html?userId=1&appId=STHaiNan&userId=1&channelId=7,https://service-app.hnntv.cn/AppEngine/appinfo/STHaiNan/share.html?userId=1&appId=STHaiNan&userId=1&channelId=7
主源,央视,少儿,广东少儿,网页,https://www.gdtv.cn/tvChannelDetail/54,https://www.gdtv.cn/tvChannelDetail/54
主源,央视,少儿,嘉佳卡通,网页,https://www.gdtv.cn/tvChannelDetail/66,https://www.gdtv.cn/tvChannelDetail/66
主源,央视,少儿,哈哈炫动,网页,https://live.kankanews.com/huikan?id=9,https://live.kankanews.com/huikan?id=9
主源,央视,少儿,北京少儿,网页,https://www.btime.com/btv/btvsy_index?tag=8,https://www.btime.com/btv/btvsy_index?tag=8
主源,央视,少儿,江西少儿,网页,https://www.jxntv.cn/live/?tag=5#/jxtv6,https://www.jxntv.cn/live/?tag=5#/jxtv6
主源,央视,少儿,内蒙少儿,网页,https://www.nmtv.cn/liveTv?tag=少儿频道,https://www.nmtv.cn/liveTv?tag=少儿频道
主源,央视,少儿,深圳少儿,网页,https://www.sztv.com.cn/dianshi.shtml?id=7881,https://www.sztv.com.cn/dianshi.shtml?id=7881
主源,央视,少儿,金鹰卡通,网页,https://www.mgtv.com/live/?tag=金鹰卡通,https://www.mgtv.com/live/?tag=金鹰卡通
主源,央视,教育,中国教育1 综合,央视网页,https://www.yangshipin.cn/tv/home?pid=600171827,https://www.yangshipin.cn/tv/home?pid=600171827
主源,央视,教育,中国教育1,网页,https://tv.gxtv.cn/channel/channelivePlay_ffa6b6e1b32b4a16a73eb3ef66f8bfc7.html,https://tv.gxtv.cn/channel/channelivePlay_ffa6b6e1b32b4a16a73eb3ef66f8bfc7.html
主源,央视,教育,中国教育2 空中课堂,网页,https://tv.gxtv.cn/channel/channelivePlay_80d0ffb42c114eaf9663708629ff0a3e.html,https://tv.gxtv.cn/channel/channelivePlay_80d0ffb42c114eaf9663708629ff0a3e.html
主源,央视,教育,中国教育4 职业教育,网页,https://tv.gxtv.cn/channel/channelivePlay_67eace939278435bb4bca90800fb4225.html,https://tv.gxtv.cn/channel/channelivePlay_67eace939278435bb4bca90800fb4225.html
主源,央视,教育,山东教育,网页,https://www.sdetv.com.cn/edu/pc/live/index.html,https://www.sdetv.com.cn/edu/pc/live/index.html
主源,央视,教育,上海教育,网页,https://www.setv.sh.cn/#/tvshow,https://www.setv.sh.cn/#/tvshow
主源,央视,教育,武汉教育,网页,https://ronghehao-h5.whjyapp.com/#/pages/live/tv,https://ronghehao-h5.whjyapp.com/#/pages/live/tv
主源,央视,教育,昆明教育,网页,https://kmjy.kmetv.com/application/tenma01ds_tvradio/view/web/#/,https://kmjy.kmetv.com/application/tenma01ds_tvradio/view/web/#/
主源,央视,教育,郑州教育,直连流(内嵌),live.html?url=https://livezzutv.chinamcache.com/live/zb02.m3u8,https://livezzutv.chinamcache.com/live/zb02.m3u8
主源,央视,教育,平顶山教育,直连流(内嵌),live.html?url=http://219.150.204.175:81/hls/live1.m3u8,http://219.150.204.175:81/hls/live1.m3u8
主源,央视,广东,广东卫视,网页,https://www.gdtv.cn/tvChannelDetail/43,https://www.gdtv.cn/tvChannelDetail/43
主源,央视,广东,广东4K超高清,网页,https://www.gdtv.cn/tvChannelDetail/16,https://www.gdtv.cn/tvChannelDetail/16
主源,央视,广东,广东经典电视剧,网页,https://www.gdtv.cn/tvChannelDetail/100,https://www.gdtv.cn/tvChannelDetail/100
主源,央视,广东,广东珠江,网页,https://www.gdtv.cn/tvChannelDetail/44,https://www.gdtv.cn/tvChannelDetail/44
主源,央视,广东,广东新闻,网页,https://www.gdtv.cn/tvChannelDetail/45,https://www.gdtv.cn/tvChannelDetail/45
主源,央视,广东,广东民生,网页,https://www.gdtv.cn/tvChannelDetail/48,https://www.gdtv.cn/tvChannelDetail/48
主源,央视,广东,广东体育,网页,https://www.gdtv.cn/tvChannelDetail/47,https://www.gdtv.cn/tvChannelDetail/47
主源,央视,广东,大湾区卫视,网页,https://www.gdtv.cn/tvChannelDetail/51,https://www.gdtv.cn/tvChannelDetail/51
主源,央视,广东,大湾区卫视（海外版）,网页,https://www.gdtv.cn/tvChannelDetail/46,https://www.gdtv.cn/tvChannelDetail/46
主源,央视,广东,广东影视,网页,https://www.gdtv.cn/tvChannelDetail/53,https://www.gdtv.cn/tvChannelDetail/53
主源,央视,广东,广东南方购物,网页,https://www.gdtv.cn/tvChannelDetail/42,https://www.gdtv.cn/tvChannelDetail/42
主源,央视,广东,广东现代教育,网页,https://www.gdtv.cn/tvChannelDetail/111,https://www.gdtv.cn/tvChannelDetail/111
主源,央视,广东,广东岭南戏曲,网页,https://www.gdtv.cn/tvChannelDetail/15,https://www.gdtv.cn/tvChannelDetail/15
主源,央视,广东,广东移动,网页,https://www.gdtv.cn/tvChannelDetail/74,https://www.gdtv.cn/tvChannelDetail/74
主源,央视,广东,广东纪录片,网页,https://www.gdtv.cn/tvChannelDetail/94,https://www.gdtv.cn/tvChannelDetail/94
主源,央视,广东,广州综合,网页,https://app.gztv.com/plusshare/?a=1#/tvDetail?code=3001,https://app.gztv.com/plusshare/?a=1#/tvDetail?code=3001
主源,央视,广东,广州新闻,网页,https://app.gztv.com/plusshare/?a=2#/tvDetail?code=3002,https://app.gztv.com/plusshare/?a=2#/tvDetail?code=3002
主源,央视,广东,广州南国都市,网页,https://app.gztv.com/plusshare/?a=3#/tvDetail?code=3003,https://app.gztv.com/plusshare/?a=3#/tvDetail?code=3003
主源,央视,广东,广州法制,网页,https://app.gztv.com/plusshare/?a=4#/tvDetail?code=3004,https://app.gztv.com/plusshare/?a=4#/tvDetail?code=3004
主源,央视,广东,东莞新闻综合,网页,https://dgrtv.sun0769.com/index.php/online2/4?utaot=1,https://dgrtv.sun0769.com/index.php/online2/4?utaot=1
主源,央视,广东,东莞生活资讯,网页,https://dgrtv.sun0769.com/index.php/online2/5?utaot=1,https://dgrtv.sun0769.com/index.php/online2/5?utaot=1
主源,央视,广东,河源综合,直连流,https://tmpstream.hyrtv.cn/xwzh/sd/live.m3u8,https://tmpstream.hyrtv.cn/xwzh/sd/live.m3u8
主源,央视,广东,河源公共,直连流,https://tmpstream.hyrtv.cn/hygg/sd/live.m3u8,https://tmpstream.hyrtv.cn/hygg/sd/live.m3u8
主源,央视,广东,清远新闻综合,网页,https://www.qyrb.cn/tv/rM834x3d5a.html,https://www.qyrb.cn/tv/rM834x3d5a.html
主源,央视,广东,韶关新闻综合,网页,https://www.sgmsw.cn/v/tv?spm=0.0.0.0.HGiuAr&id=SB05RIYZOU8JR418AUQOF62CAJQ08D0E,https://www.sgmsw.cn/v/tv?spm=0.0.0.0.HGiuAr&id=SB05RIYZOU8JR418AUQOF62CAJQ08D0E
主源,央视,广东,揭阳公共,网页,https://ap.jyrtv.tv/application/tvradio/h5/detail.html?type=tv&id=11,https://ap.jyrtv.tv/application/tvradio/h5/detail.html?type=tv&id=11
主源,央视,广东,揭阳生活,网页,https://ap.jyrtv.tv/application/tvradio/h5/detail.html?type=tv&id=12,https://ap.jyrtv.tv/application/tvradio/h5/detail.html?type=tv&id=12
主源,央视,山东,齐鲁卫视,网页,https://v.iqilu.com/live/qlpd/,https://v.iqilu.com/live/qlpd/
主源,央视,山东,山东新闻,网页,https://v.iqilu.com/live/ggpd/,https://v.iqilu.com/live/ggpd/
主源,央视,山东,山东体育休闲,网页,https://v.iqilu.com/live/typd/,https://v.iqilu.com/live/typd/
主源,央视,山东,山东卫视,网页,https://v.iqilu.com/live/sdtv/index.html,https://v.iqilu.com/live/sdtv/index.html
主源,央视,山东,山东生活,网页,https://v.iqilu.com/live/shpd/,https://v.iqilu.com/live/shpd/
主源,央视,山东,山东综艺,网页,https://v.iqilu.com/live/zypd/,https://v.iqilu.com/live/zypd/
主源,央视,山东,山东农科,网页,https://v.iqilu.com/live/nkpd/,https://v.iqilu.com/live/nkpd/
主源,央视,山东,山东文旅,网页,https://v.iqilu.com/live/yspd/,https://v.iqilu.com/live/yspd/
主源,央视,山东,山东教育,网页,https://www.sdetv.com.cn/edu/pc/live/index.html,https://www.sdetv.com.cn/edu/pc/live/index.html
主源,央视,山东,青岛新闻综合,网页,http://www.qtv.com.cn/live/tv/index.shtml,http://www.qtv.com.cn/live/tv/index.shtml
主源,央视,山东,青岛经济生活,网页,http://www.qtv.com.cn/live/tv/tv_qtv2.shtml,http://www.qtv.com.cn/live/tv/tv_qtv2.shtml
主源,央视,山东,青岛影视,网页,http://www.qtv.com.cn/live/tv/tv_qtv3.shtml,http://www.qtv.com.cn/live/tv/tv_qtv3.shtml
主源,央视,山东,青岛文化娱乐,网页,http://www.qtv.com.cn/live/tv/tv_qtv4.shtml,http://www.qtv.com.cn/live/tv/tv_qtv4.shtml
主源,央视,山东,青岛体育休闲,网页,http://www.qtv.com.cn/live/tv/tv_qtv5.shtml,http://www.qtv.com.cn/live/tv/tv_qtv5.shtml
主源,央视,山东,青岛教育,网页,http://www.qtv.com.cn/live/tv/tv_qtv6.shtml,http://www.qtv.com.cn/live/tv/tv_qtv6.shtml
主源,央视,山东,威海新闻综合,网页,http://lv.weihai.tv/live_13705e35636b2136b590e5a015bb801c.html,http://lv.weihai.tv/live_13705e35636b2136b590e5a015bb801c.html
主源,央视,山东,威海都市生活,网页,http://lv.weihai.tv/live_8bfc704cbba598e76540f5d4f61a0e03.html,http://lv.weihai.tv/live_8bfc704cbba598e76540f5d4f61a0e03.html
主源,央视,山东,威海海洋,网页,http://lv.weihai.tv/live_6dffaf124b89957024f9f31de302d183.html,http://lv.weihai.tv/live_6dffaf124b89957024f9f31de302d183.html
主源,央视,山东,泰安综合,网页,http://www.1545ts.com/zhibo/taian/zhibotatv1.html,http://www.1545ts.com/zhibo/taian/zhibotatv1.html
主源,央视,山东,泰安经济生活,网页,http://www.1545ts.com/zhibo/taian/zhibotatv2.html,http://www.1545ts.com/zhibo/taian/zhibotatv2.html
主源,央视,山东,临沂综合,网页,http://www.ilinyi.net/cms/tv/1020403,http://www.ilinyi.net/cms/tv/1020403
主源,央视,山东,临沂公共,网页,http://www.ilinyi.net/cms/tv/1020769,http://www.ilinyi.net/cms/tv/1020769
主源,央视,山东,临沂经济,网页,http://www.ilinyi.net/cms/tv/36417907,http://www.ilinyi.net/cms/tv/36417907
主源,央视,山东,枣庄新闻综合,网页,http://www.lncm.cn/zhibo/show-1.html,http://www.lncm.cn/zhibo/show-1.html
主源,央视,山东,枣庄经济生活,网页,http://www.lncm.cn/zhibo/show-3.html,http://www.lncm.cn/zhibo/show-3.html
主源,央视,山东,枣庄公共,网页,http://www.lncm.cn/zhibo/show-4.html,http://www.lncm.cn/zhibo/show-4.html
主源,央视,山东,聊城综合,网页,https://www.lcxw.cn/kands/?tag=0,https://www.lcxw.cn/kands/?tag=0
主源,央视,山东,聊城民生,网页,https://www.lcxw.cn/kands/?tag=1,https://www.lcxw.cn/kands/?tag=1
主源,央视,山东,潍坊新闻综合,网页,http://www.wfcmw.cn/wfrtv_pdLive.html?tv=1,http://www.wfcmw.cn/wfrtv_pdLive.html?tv=1
主源,央视,山东,潍坊经济生活,网页,http://www.wfcmw.cn/wfrtv_pdLive.html?tv=2,http://www.wfcmw.cn/wfrtv_pdLive.html?tv=2
主源,央视,山东,潍坊影视综艺,网页,http://www.wfcmw.cn/wfrtv_pdLive.html?tv=3,http://www.wfcmw.cn/wfrtv_pdLive.html?tv=3
主源,央视,山东,潍坊科教文旅,网页,http://www.wfcmw.cn/wfrtv_pdLive.html?tv=4,http://www.wfcmw.cn/wfrtv_pdLive.html?tv=4
主源,央视,山东,即墨生活服务,分享页(base64),live_com.html?script=js/tv/iapp/live.js&url=https://iapp.jimorongmei.com/share/dHZsLTIyMS0z.html,live_com.html?script=js/tv/iapp/live.js&url=https://iapp.jimorongmei.com/share/dHZsLTIyMS0z.html
主源,央视,山东,长清新闻,分享页(base64),live_com.html?script=js/tv/iapp/live.js&url=https://iapp.jncqrm.cn/share/dHZsLTE3MS0y.html,live_com.html?script=js/tv/iapp/live.js&url=https://iapp.jncqrm.cn/share/dHZsLTE3MS0y.html
主源,央视,山东,长清生活,分享页(base64),live_com.html?script=js/tv/iapp/live.js&url=https://iapp.jncqrm.cn/share/dHZsLTE3MS0yMA.html,live_com.html?script=js/tv/iapp/live.js&url=https://iapp.jncqrm.cn/share/dHZsLTE3MS0yMA.html
主源,央视,山东,济铁电视台,分享页(base64),live_com.html?script=js/tv/iapp/live.js&url=https://jnjapp.jntlj.com/share/dHZsLTMwMy0x.html,live_com.html?script=js/tv/iapp/live.js&url=https://jnjapp.jntlj.com/share/dHZsLTMwMy0x.html
主源,央视,山东,济阳综合,分享页(base64),live_com.html?script=js/tv/iapp/live.js&url=https://iapp.jiyangrongmei.cn/share/dHZsLTg1LTE.html,live_com.html?script=js/tv/iapp/live.js&url=https://iapp.jiyangrongmei.cn/share/dHZsLTg1LTE.html
主源,央视,山东,济阳影视,分享页(base64),live_com.html?script=js/tv/iapp/live.js&url=https://iapp.jiyangrongmei.cn/share/dHZsLTg1LTI.html,live_com.html?script=js/tv/iapp/live.js&url=https://iapp.jiyangrongmei.cn/share/dHZsLTg1LTI.html
主源,央视,山东,平阴乡村振兴,分享页(base64),live_com.html?script=js/tv/iapp/live.js&url=https://app.litenews.cn/share/dHZsLTI1Ny0z.html,live_com.html?script=js/tv/iapp/live.js&url=https://app.litenews.cn/share/dHZsLTI1Ny0z.html
主源,央视,山东,商河综合,分享页(base64),live_com.html?script=js/tv/iapp/live.js&url=https://iapp.shxrmtzx.com/share/dHZsLTk3LTE.html,live_com.html?script=js/tv/iapp/live.js&url=https://iapp.shxrmtzx.com/share/dHZsLTk3LTE.html
主源,央视,山东,商河影视,分享页(base64),live_com.html?script=js/tv/iapp/live.js&url=https://iapp.shxrmtzx.com/share/dHZsLTk3LTI.html,live_com.html?script=js/tv/iapp/live.js&url=https://iapp.shxrmtzx.com/share/dHZsLTk3LTI.html
主源,央视,山东,章丘综合,分享页(base64),live_com.html?script=js/tv/iapp/live.js&url=https://app.litenews.cn/share/dHZsLTE5NS0x.html,live_com.html?script=js/tv/iapp/live.js&url=https://app.litenews.cn/share/dHZsLTE5NS0x.html
主源,央视,山东,章丘公共,分享页(base64),live_com.html?script=js/tv/iapp/live.js&url=https://app.litenews.cn/share/dHZsLTE5NS0y.html,live_com.html?script=js/tv/iapp/live.js&url=https://app.litenews.cn/share/dHZsLTE5NS0y.html
主源,央视,山东,东营区新闻综合,分享页(base64),live_com.html?script=js/tv/iapp/live.js&url=https://iapp.zhidongyingapp.com/share/dHZsLTE2My01.html,live_com.html?script=js/tv/iapp/live.js&url=https://iapp.zhidongyingapp.com/share/dHZsLTE2My01.html
主源,央视,山东,东营区科教影视,分享页(base64),live_com.html?script=js/tv/iapp/live.js&url=https://iapp.zhidongyingapp.com/share/dHZsLTE2My03.html,live_com.html?script=js/tv/iapp/live.js&url=https://iapp.zhidongyingapp.com/share/dHZsLTE2My03.html
主源,央视,山东,广饶综合,分享页(base64),live_com.html?script=js/tv/iapp/live.js&url=https://iapp.grxrmtzx.com/share/dHZsLTIzNy0x.html,live_com.html?script=js/tv/iapp/live.js&url=https://iapp.grxrmtzx.com/share/dHZsLTIzNy0x.html
主源,央视,山东,广饶科教文艺,分享页(base64),live_com.html?script=js/tv/iapp/live.js&url=https://iapp.grxrmtzx.com/share/dHZsLTIzNy01.html,live_com.html?script=js/tv/iapp/live.js&url=https://iapp.grxrmtzx.com/share/dHZsLTIzNy01.html
主源,央视,山东,利津综合,分享页(base64),live_com.html?script=js/tv/iapp/live.js&url=https://iapp.lijinnews.com/share/dHZsLTE1My0x.html,live_com.html?script=js/tv/iapp/live.js&url=https://iapp.lijinnews.com/share/dHZsLTE1My0x.html
主源,央视,山东,利津文化生活,分享页(base64),live_com.html?script=js/tv/iapp/live.js&url=https://iapp.lijinnews.com/share/dHZsLTE1My0z.html,live_com.html?script=js/tv/iapp/live.js&url=https://iapp.lijinnews.com/share/dHZsLTE1My0z.html
主源,央视,山东,城阳综合,分享页(base64),live_com.html?script=js/tv/iapp/live.js&url=https://iapp.hichengyang.cn/share/dHZsLTQwMy01.html,live_com.html?script=js/tv/iapp/live.js&url=https://iapp.hichengyang.cn/share/dHZsLTQwMy01.html
主源,央视,山东,黄岛综合,分享页(base64),live_com.html?script=js/tv/iapp/live.js&url=https://iapp.qwmedia.cn/share/dHZsLTIyNy0x.html,live_com.html?script=js/tv/iapp/live.js&url=https://iapp.qwmedia.cn/share/dHZsLTIyNy0x.html
主源,央视,山东,黄岛生活,分享页(base64),live_com.html?script=js/tv/iapp/live.js&url=https://iapp.qwmedia.cn/share/dHZsLTIyNy0z.html,live_com.html?script=js/tv/iapp/live.js&url=https://iapp.qwmedia.cn/share/dHZsLTIyNy0z.html
主源,央视,山东,即墨综合,分享页(base64),live_com.html?script=js/tv/iapp/live.js&url=https://iapp.jimorongmei.com/share/dHZsLTIyMS0y.html,live_com.html?script=js/tv/iapp/live.js&url=https://iapp.jimorongmei.com/share/dHZsLTIyMS0y.html
主源,央视,山东,胶州综合,分享页(base64),live_com.html?script=js/tv/iapp/live.js&url=https://iapp.yunshangjiaozhou.cn/share/dHZsLTMwNS0x.html,live_com.html?script=js/tv/iapp/live.js&url=https://iapp.yunshangjiaozhou.cn/share/dHZsLTMwNS0x.html
主源,央视,山东,胶州生活,分享页(base64),live_com.html?script=js/tv/iapp/live.js&url=https://iapp.yunshangjiaozhou.cn/share/dHZsLTMwNS0z.html,live_com.html?script=js/tv/iapp/live.js&url=https://iapp.yunshangjiaozhou.cn/share/dHZsLTMwNS0z.html
主源,央视,山东,李沧TV,分享页(base64),live_com.html?script=js/tv/iapp/live.js&url=https://iapp.licangmedia.cn/share/dHZsLTE3My0x.html,live_com.html?script=js/tv/iapp/live.js&url=https://iapp.licangmedia.cn/share/dHZsLTE3My0x.html
主源,央视,山东,崂山TV,分享页(base64),live_com.html?script=js/tv/iapp/live.js&url=https://iapp.laoshanrongmei.cn/share/dHZsLTI5NS0x.html,live_com.html?script=js/tv/iapp/live.js&url=https://iapp.laoshanrongmei.cn/share/dHZsLTI5NS0x.html
主源,央视,山东,莱西综合,分享页(base64),live_com.html?script=js/tv/iapp/live.js&url=https://iapp.laixirongmei.cn/share/dHZsLTI1My0x.html,live_com.html?script=js/tv/iapp/live.js&url=https://iapp.laixirongmei.cn/share/dHZsLTI1My0x.html
主源,央视,山东,莱西生活,分享页(base64),live_com.html?script=js/tv/iapp/live.js&url=https://iapp.laixirongmei.cn/share/dHZsLTI1My0z.html,live_com.html?script=js/tv/iapp/live.js&url=https://iapp.laixirongmei.cn/share/dHZsLTI1My0z.html
主源,央视,山东,平度新闻综合,分享页(base64),live_com.html?script=js/tv/iapp/live.js&url=https://iapp.aipingduapp.com/share/dHZsLTQ1LTQ.html,live_com.html?script=js/tv/iapp/live.js&url=https://iapp.aipingduapp.com/share/dHZsLTQ1LTQ.html
主源,央视,山东,平度生活服务,分享页(base64),live_com.html?script=js/tv/iapp/live.js&url=https://iapp.aipingduapp.com/share/dHZsLTQ1LTU.html,live_com.html?script=js/tv/iapp/live.js&url=https://iapp.aipingduapp.com/share/dHZsLTQ1LTU.html
主源,央视,山东,潍坊新闻综合,分享页(base64),live_com.html?script=js/tv/iapp/live.js&url=https://iapp.wfcmw.cn/share/dHZsLTYzNS0x.html,live_com.html?script=js/tv/iapp/live.js&url=https://iapp.wfcmw.cn/share/dHZsLTYzNS0x.html
主源,央视,山东,潍坊生活,分享页(base64),live_com.html?script=js/tv/iapp/live.js&url=https://iapp.wfcmw.cn/share/dHZsLTYzNS01.html,live_com.html?script=js/tv/iapp/live.js&url=https://iapp.wfcmw.cn/share/dHZsLTYzNS01.html
主源,央视,山东,潍坊影视综艺,分享页(base64),live_com.html?script=js/tv/iapp/live.js&url=https://iapp.wfcmw.cn/share/dHZsLTYzNS03.html,live_com.html?script=js/tv/iapp/live.js&url=https://iapp.wfcmw.cn/share/dHZsLTYzNS03.html
主源,央视,山东,潍坊科教文旅,分享页(base64),live_com.html?script=js/tv/iapp/live.js&url=https://iapp.wfcmw.cn/share/dHZsLTYzNS05.html,live_com.html?script=js/tv/iapp/live.js&url=https://iapp.wfcmw.cn/share/dHZsLTYzNS05.html
主源,央视,山东,潍坊高新区,分享页(base64),live_com.html?script=js/tv/iapp/live.js&url=https://iapp.wegood.wang/share/dHZsLTQyMS0xNA.html,live_com.html?script=js/tv/iapp/live.js&url=https://iapp.wegood.wang/share/dHZsLTQyMS0xNA.html
主源,央视,山东,安丘综合,分享页(base64),live_com.html?script=js/tv/iapp/live.js&url=https://iapp.aianqiu.cn/share/dHZsLTEzNy0z.html,live_com.html?script=js/tv/iapp/live.js&url=https://iapp.aianqiu.cn/share/dHZsLTEzNy0z.html
主源,央视,山东,安丘民生,分享页(base64),live_com.html?script=js/tv/iapp/live.js&url=https://iapp.aianqiu.cn/share/dHZsLTEzNy00.html,live_com.html?script=js/tv/iapp/live.js&url=https://iapp.aianqiu.cn/share/dHZsLTEzNy00.html
主源,央视,山东,滨海新闻综合,分享页(base64),live_com.html?script=js/tv/iapp/live.js&url=https://iapp.wfbhrmt.cn/share/dHZsLTE5OS0x.html,live_com.html?script=js/tv/iapp/live.js&url=https://iapp.wfbhrmt.cn/share/dHZsLTE5OS0x.html
主源,央视,山东,昌乐综合,分享页(base64),live_com.html?script=js/tv/iapp/live.js&url=https://iapp.clxrmtzx.cn/share/dHZsLTEtMw.html,live_com.html?script=js/tv/iapp/live.js&url=https://iapp.clxrmtzx.cn/share/dHZsLTEtMw.html
主源,央视,山东,昌邑综合,分享页(base64),live_com.html?script=js/tv/iapp/live.js&url=https://iapp.changyirongmei.com/share/dHZsLTQ3LTE.html,live_com.html?script=js/tv/iapp/live.js&url=https://iapp.changyirongmei.com/share/dHZsLTQ3LTE.html
主源,央视,山东,昌邑经济生活,分享页(base64),live_com.html?script=js/tv/iapp/live.js&url=https://iapp.changyirongmei.com/share/dHZsLTQ3LTI.html,live_com.html?script=js/tv/iapp/live.js&url=https://iapp.changyirongmei.com/share/dHZsLTQ3LTI.html
主源,央视,山东,坊子新闻综合,分享页(base64),live_com.html?script=js/tv/iapp/live.js&url=https://iapp.fzqrmtzx.cn/share/dHZsLTI4NS0x.html,live_com.html?script=js/tv/iapp/live.js&url=https://iapp.fzqrmtzx.cn/share/dHZsLTI4NS0x.html
主源,央视,山东,高密综合,分享页(base64),live_com.html?script=js/tv/iapp/live.js&url=https://iapp.gaominews.com/share/dHZsLTcxLTI0.html,live_com.html?script=js/tv/iapp/live.js&url=https://iapp.gaominews.com/share/dHZsLTcxLTI0.html
主源,央视,山东,高密党建农科,分享页(base64),live_com.html?script=js/tv/iapp/live.js&url=https://iapp.gaominews.com/share/dHZsLTcxLTM4.html,live_com.html?script=js/tv/iapp/live.js&url=https://iapp.gaominews.com/share/dHZsLTcxLTM4.html
主源,央视,山东,寒亭新闻,分享页(base64),live_com.html?script=js/tv/iapp/live.js&url=https://iapp.httv.cn/share/dHZsLTEzMy0x.html,live_com.html?script=js/tv/iapp/live.js&url=https://iapp.httv.cn/share/dHZsLTEzMy0x.html
主源,央视,山东,奎文电视台,分享页(base64),live_com.html?script=js/tv/iapp/live.js&url=https://iapp.wfkwrm.com/share/dHZsLTEyNy0xNw.html,live_com.html?script=js/tv/iapp/live.js&url=https://iapp.wfkwrm.com/share/dHZsLTEyNy0xNw.html
主源,央视,山东,临朐新闻综合,分享页(base64),live_com.html?script=js/tv/iapp/live.js&url=https://iapp.yunshanglinqu.cn/share/dHZsLTIwNS0zOQ.html,live_com.html?script=js/tv/iapp/live.js&url=https://iapp.yunshanglinqu.cn/share/dHZsLTIwNS0zOQ.html
主源,央视,山东,青州综合,分享页(base64),live_com.html?script=js/tv/iapp/live.js&url=https://iapp.qingzhounews.cn/share/dHZsLTEyNS0y.html,live_com.html?script=js/tv/iapp/live.js&url=https://iapp.qingzhounews.cn/share/dHZsLTEyNS0y.html
主源,央视,山东,青州文化旅游,分享页(base64),live_com.html?script=js/tv/iapp/live.js&url=https://iapp.qingzhounews.cn/share/dHZsLTEyNS0z.html,live_com.html?script=js/tv/iapp/live.js&url=https://iapp.qingzhounews.cn/share/dHZsLTEyNS0z.html
主源,央视,山东,潍城TV,分享页(base64),live_com.html?script=js/tv/iapp/live.js&url=https://iapp.wcrmawckhd.cn/share/dHZsLTE1LTM.html,live_com.html?script=js/tv/iapp/live.js&url=https://iapp.wcrmawckhd.cn/share/dHZsLTE1LTM.html
主源,央视,山东,诸城新闻综合,分享页(base64),live_com.html?script=js/tv/iapp/live.js&url=https://iapp.52zhucheng.cn/share/dHZsLTExNS0yMw.html,live_com.html?script=js/tv/iapp/live.js&url=https://iapp.52zhucheng.cn/share/dHZsLTExNS0yMw.html
主源,央视,山东,寿光综合,分享页(base64),live_com.html?script=js/tv/iapp/live.js&url=https://iapp.sgrmt.com/share/dHZsLTI3OS0x.html,live_com.html?script=js/tv/iapp/live.js&url=https://iapp.sgrmt.com/share/dHZsLTI3OS0x.html
主源,央视,山东,寿光蔬菜,分享页(base64),live_com.html?script=js/tv/iapp/live.js&url=https://iapp.sgrmt.com/share/dHZsLTI3OS0z.html,live_com.html?script=js/tv/iapp/live.js&url=https://iapp.sgrmt.com/share/dHZsLTI3OS0z.html
主源,央视,山东,长岛TV,分享页(base64),live_com.html?script=js/tv/iapp/live.js&url=https://iapp.changdaohao.cn/share/dHZsLTE3NS0x.html,live_com.html?script=js/tv/iapp/live.js&url=https://iapp.changdaohao.cn/share/dHZsLTE3NS0x.html
主源,央视,山东,福山综合,分享页(base64),live_com.html?script=js/tv/iapp/live.js&url=https://iapp.fuzaifushan.cn/share/dHZsLTE4OS00.html,live_com.html?script=js/tv/iapp/live.js&url=https://iapp.fuzaifushan.cn/share/dHZsLTE4OS00.html
主源,央视,山东,海阳综合,分享页(base64),live_com.html?script=js/tv/iapp/live.js&url=https://iapp.hyzc.cn/share/dHZsLTI1NS0x.html,live_com.html?script=js/tv/iapp/live.js&url=https://iapp.hyzc.cn/share/dHZsLTI1NS0x.html
主源,央视,山东,龙口综合,分享页(base64),live_com.html?script=js/tv/iapp/live.js&url=https://app.litenews.cn/share/dHZsLTU3LTE.html,live_com.html?script=js/tv/iapp/live.js&url=https://app.litenews.cn/share/dHZsLTU3LTE.html
主源,央视,山东,莱山综合,分享页(base64),live_com.html?script=js/tv/iapp/live.js&url=https://app.litenews.cn/share/dHZsLTI0NS00.html,live_com.html?script=js/tv/iapp/live.js&url=https://app.litenews.cn/share/dHZsLTI0NS00.html
主源,央视,山东,莱山影视,分享页(base64),live_com.html?script=js/tv/iapp/live.js&url=https://app.litenews.cn/share/dHZsLTI0NS02.html,live_com.html?script=js/tv/iapp/live.js&url=https://app.litenews.cn/share/dHZsLTI0NS02.html
主源,央视,山东,莱阳综合,分享页(base64),live_com.html?script=js/tv/iapp/live.js&url=https://iapp.laiyangrongmei.cn/share/dHZsLTI0MS00.html,live_com.html?script=js/tv/iapp/live.js&url=https://iapp.laiyangrongmei.cn/share/dHZsLTI0MS00.html
主源,央视,山东,莱阳民生综艺,分享页(base64),live_com.html?script=js/tv/iapp/live.js&url=https://iapp.laiyangrongmei.cn/share/dHZsLTI0MS03.html,live_com.html?script=js/tv/iapp/live.js&url=https://iapp.laiyangrongmei.cn/share/dHZsLTI0MS03.html
主源,央视,山东,莱州综合,分享页(base64),live_com.html?script=js/tv/iapp/live.js&url=https://iapp.laizhourongmei.cn/share/dHZsLTIzOS0x.html,live_com.html?script=js/tv/iapp/live.js&url=https://iapp.laizhourongmei.cn/share/dHZsLTIzOS0x.html
主源,央视,山东,牟平综合,分享页(base64),live_com.html?script=js/tv/iapp/live.js&url=https://iapp.mprmt.com/share/dHZsLTI4MS0x.html,live_com.html?script=js/tv/iapp/live.js&url=https://iapp.mprmt.com/share/dHZsLTI4MS0x.html
主源,央视,山东,蓬莱综艺,分享页(base64),live_com.html?script=js/tv/iapp/live.js&url=https://iapp.xianjingpenglai.cn/share/dHZsLTEwOS0y.html,live_com.html?script=js/tv/iapp/live.js&url=https://iapp.xianjingpenglai.cn/share/dHZsLTEwOS0y.html
主源,央视,山东,栖霞综合,分享页(base64),live_com.html?script=js/tv/iapp/live.js&url=https://iapp.aiqixiaapp.com/share/dHZsLTE2NS0xMg.html,live_com.html?script=js/tv/iapp/live.js&url=https://iapp.aiqixiaapp.com/share/dHZsLTE2NS0xMg.html
主源,央视,山东,栖霞苹果,分享页(base64),live_com.html?script=js/tv/iapp/live.js&url=https://iapp.aiqixiaapp.com/share/dHZsLTE2NS0xNA.html,live_com.html?script=js/tv/iapp/live.js&url=https://iapp.aiqixiaapp.com/share/dHZsLTE2NS0xNA.html
主源,央视,山东,招远综合,分享页(base64),live_com.html?script=js/tv/iapp/live.js&url=https://iapp.zhaoyuanrongmei.com.cn/share/dHZsLTU1LTI.html,live_com.html?script=js/tv/iapp/live.js&url=https://iapp.zhaoyuanrongmei.com.cn/share/dHZsLTU1LTI.html
主源,央视,山东,招远综艺,分享页(base64),live_com.html?script=js/tv/iapp/live.js&url=https://iapp.zhaoyuanrongmei.com.cn/share/dHZsLTU1LTQ.html,live_com.html?script=js/tv/iapp/live.js&url=https://iapp.zhaoyuanrongmei.com.cn/share/dHZsLTU1LTQ.html
主源,央视,山东,博山新闻,分享页(base64),live_com.html?script=js/tv/iapp/live.js&url=https://iapp.boshanhao.cn/share/dHZsLTE3LTg.html,live_com.html?script=js/tv/iapp/live.js&url=https://iapp.boshanhao.cn/share/dHZsLTE3LTg.html
主源,央视,山东,博山图文,分享页(base64),live_com.html?script=js/tv/iapp/live.js&url=https://iapp.boshanhao.cn/share/dHZsLTE3LTk.html,live_com.html?script=js/tv/iapp/live.js&url=https://iapp.boshanhao.cn/share/dHZsLTE3LTk.html
主源,央视,山东,高青综合,分享页(base64),live_com.html?script=js/tv/iapp/live.js&url=https://iapp.gqxrmt.cn/share/dHZsLTYxLTE.html,live_com.html?script=js/tv/iapp/live.js&url=https://iapp.gqxrmt.cn/share/dHZsLTYxLTE.html
主源,央视,山东,高青影视,分享页(base64),live_com.html?script=js/tv/iapp/live.js&url=https://iapp.gqxrmt.cn/share/dHZsLTYxLTI.html,live_com.html?script=js/tv/iapp/live.js&url=https://iapp.gqxrmt.cn/share/dHZsLTYxLTI.html
主源,央视,山东,桓台综合,分享页(base64),live_com.html?script=js/tv/iapp/live.js&url=https://iapp.htxw.cn/share/dHZsLTIzLTE1.html,live_com.html?script=js/tv/iapp/live.js&url=https://iapp.htxw.cn/share/dHZsLTIzLTE1.html
主源,央视,山东,桓台影视,分享页(base64),live_com.html?script=js/tv/iapp/live.js&url=https://iapp.htxw.cn/share/dHZsLTIzLTE2.html,live_com.html?script=js/tv/iapp/live.js&url=https://iapp.htxw.cn/share/dHZsLTIzLTE2.html
主源,央视,山东,临淄新闻综合,分享页(base64),live_com.html?script=js/tv/iapp/live.js&url=https://iapp.linzirongmei.cn/share/dHZsLTE1MS02.html,live_com.html?script=js/tv/iapp/live.js&url=https://iapp.linzirongmei.cn/share/dHZsLTE1MS02.html
主源,央视,山东,临淄生活服务,分享页(base64),live_com.html?script=js/tv/iapp/live.js&url=https://iapp.linzirongmei.cn/share/dHZsLTE1MS03.html,live_com.html?script=js/tv/iapp/live.js&url=https://iapp.linzirongmei.cn/share/dHZsLTE1MS03.html
主源,央视,山东,沂源综合,分享页(base64),live_com.html?script=js/tv/iapp/live.js&url=https://iapp.yyrmapp.com/share/dHZsLTIwMy02.html,live_com.html?script=js/tv/iapp/live.js&url=https://iapp.yyrmapp.com/share/dHZsLTIwMy02.html
主源,央视,山东,沂源生活,分享页(base64),live_com.html?script=js/tv/iapp/live.js&url=https://iapp.yyrmapp.com/share/dHZsLTIwMy03.html,live_com.html?script=js/tv/iapp/live.js&url=https://iapp.yyrmapp.com/share/dHZsLTIwMy03.html
主源,央视,山东,淄川新闻,分享页(base64),live_com.html?script=js/tv/iapp/live.js&url=https://iapp.zichuanrongmei.cn/share/dHZsLTc1LTE.html,live_com.html?script=js/tv/iapp/live.js&url=https://iapp.zichuanrongmei.cn/share/dHZsLTc1LTE.html
主源,央视,山东,张店1,分享页(base64),live_com.html?script=js/tv/iapp/live.js&url=https://iapp.aizhangdian.com/share/dHZsLTEwMS0x.html,live_com.html?script=js/tv/iapp/live.js&url=https://iapp.aizhangdian.com/share/dHZsLTEwMS0x.html
主源,央视,山东,张店2,分享页(base64),live_com.html?script=js/tv/iapp/live.js&url=https://iapp.aizhangdian.com/share/dHZsLTEwMS02.html,live_com.html?script=js/tv/iapp/live.js&url=https://iapp.aizhangdian.com/share/dHZsLTEwMS02.html
主源,央视,山东,周村新闻,分享页(base64),live_com.html?script=js/tv/iapp/live.js&url=https://iapp.izhoucun.cn/share/dHZsLTI1OS0x.html,live_com.html?script=js/tv/iapp/live.js&url=https://iapp.izhoucun.cn/share/dHZsLTI1OS0x.html
主源,央视,山东,周村生活,分享页(base64),live_com.html?script=js/tv/iapp/live.js&url=https://iapp.izhoucun.cn/share/dHZsLTI1OS0z.html,live_com.html?script=js/tv/iapp/live.js&url=https://iapp.izhoucun.cn/share/dHZsLTI1OS0z.html
主源,央视,山东,山亭综合,分享页(base64),live_com.html?script=js/tv/iapp/live.js&url=https://iapp.stqrmtzx.com/share/dHZsLTI0My0x.html,live_com.html?script=js/tv/iapp/live.js&url=https://iapp.stqrmtzx.com/share/dHZsLTI0My0x.html
主源,央视,山东,枣庄市中综合,分享页(base64),live_com.html?script=js/tv/iapp/live.js&url=https://iapp.zzszrm.com/share/dHZsLTIzMy0x.html,live_com.html?script=js/tv/iapp/live.js&url=https://iapp.zzszrm.com/share/dHZsLTIzMy0x.html
主源,央视,山东,滕州综合,分享页(base64),live_com.html?script=js/tv/iapp/live.js&url=https://iapp.tzrmt.com/share/dHZsLTEwMy0y.html,live_com.html?script=js/tv/iapp/live.js&url=https://iapp.tzrmt.com/share/dHZsLTEwMy0y.html
主源,央视,山东,薛城新闻综合,分享页(base64),live_com.html?script=js/tv/iapp/live.js&url=https://iapp.aixuechengapp.com/share/dHZsLTM3LTg.html,live_com.html?script=js/tv/iapp/live.js&url=https://iapp.aixuechengapp.com/share/dHZsLTM3LTg.html
主源,央视,山东,峄城综合,分享页(base64),live_com.html?script=js/tv/iapp/live.js&url=https://iapp.yilan-app.com/share/dHZsLTIwOS0x.html,live_com.html?script=js/tv/iapp/live.js&url=https://iapp.yilan-app.com/share/dHZsLTIwOS0x.html
主源,央视,山东,滨城TV,分享页(base64),live_com.html?script=js/tv/iapp/live.js&url=https://iapp.binchengrongmei.com/share/dHZsLTI0OS0zNQ.html,live_com.html?script=js/tv/iapp/live.js&url=https://iapp.binchengrongmei.com/share/dHZsLTI0OS0zNQ.html
主源,央视,山东,惠民综合,分享页(base64),live_com.html?script=js/tv/iapp/live.js&url=https://iapp.aihuimin.cn/share/dHZsLTIxMS0y.html,live_com.html?script=js/tv/iapp/live.js&url=https://iapp.aihuimin.cn/share/dHZsLTIxMS0y.html
主源,央视,山东,惠民影视,分享页(base64),live_com.html?script=js/tv/iapp/live.js&url=https://iapp.aihuimin.cn/share/dHZsLTIxMS0z.html,live_com.html?script=js/tv/iapp/live.js&url=https://iapp.aihuimin.cn/share/dHZsLTIxMS0z.html
主源,央视,山东,无棣综合,分享页(base64),live_com.html?script=js/tv/iapp/live.js&url=https://app.litenews.cn/share/dHZsLTE2OS0x.html,live_com.html?script=js/tv/iapp/live.js&url=https://app.litenews.cn/share/dHZsLTE2OS0x.html
主源,央视,山东,无棣综艺,分享页(base64),live_com.html?script=js/tv/iapp/live.js&url=https://app.litenews.cn/share/dHZsLTE2OS0yMQ.html,live_com.html?script=js/tv/iapp/live.js&url=https://app.litenews.cn/share/dHZsLTE2OS0yMQ.html
主源,央视,山东,阳信新闻综合,分享页(base64),live_com.html?script=js/tv/iapp/live.js&url=https://iapp.yangxinrongmei.cn/share/dHZsLTIxNy0x.html,live_com.html?script=js/tv/iapp/live.js&url=https://iapp.yangxinrongmei.cn/share/dHZsLTIxNy0x.html
主源,央视,山东,沾化综合,分享页(base64),live_com.html?script=js/tv/iapp/live.js&url=https://iapp.zhanhuarongmei.cn/share/dHZsLTI3Ny0x.html,live_com.html?script=js/tv/iapp/live.js&url=https://iapp.zhanhuarongmei.cn/share/dHZsLTI3Ny0x.html
主源,央视,山东,沾化综艺,分享页(base64),live_com.html?script=js/tv/iapp/live.js&url=https://iapp.zhanhuarongmei.cn/share/dHZsLTI3Ny05.html,live_com.html?script=js/tv/iapp/live.js&url=https://iapp.zhanhuarongmei.cn/share/dHZsLTI3Ny05.html
主源,央视,山东,德州经济生活,分享页(base64),live_com.html?script=js/tv/iapp/live.js&url=https://iapp.dztv.tv/share/dHZsLTE3OS0y.html,live_com.html?script=js/tv/iapp/live.js&url=https://iapp.dztv.tv/share/dHZsLTE3OS0y.html
主源,央视,山东,德州图文,分享页(base64),live_com.html?script=js/tv/iapp/live.js&url=https://iapp.dztv.tv/share/dHZsLTE3OS05.html,live_com.html?script=js/tv/iapp/live.js&url=https://iapp.dztv.tv/share/dHZsLTE3OS05.html
主源,央视,山东,陵城综合,分享页(base64),live_com.html?script=js/tv/iapp/live.js&url=https://iapp.lxgdw.com/share/dHZsLTIxNS02.html,live_com.html?script=js/tv/iapp/live.js&url=https://iapp.lxgdw.com/share/dHZsLTIxNS02.html
主源,央视,山东,陵城综合2,分享页(base64),live_com.html?script=js/tv/iapp/live.js&url=https://iapp.dztv.tv/share/dHZsLTE3OS0zNg.html,live_com.html?script=js/tv/iapp/live.js&url=https://iapp.dztv.tv/share/dHZsLTE3OS0zNg.html
主源,央视,山东,乐陵新闻综合,分享页(base64),live_com.html?script=js/tv/iapp/live.js&url=https://iapp.laolingrongmei.cn/share/dHZsLTI2Ny0x.html,live_com.html?script=js/tv/iapp/live.js&url=https://iapp.laolingrongmei.cn/share/dHZsLTI2Ny0x.html
主源,央视,山东,乐陵城市生活,分享页(base64),live_com.html?script=js/tv/iapp/live.js&url=https://iapp.laolingrongmei.cn/share/dHZsLTI2Ny01.html,live_com.html?script=js/tv/iapp/live.js&url=https://iapp.laolingrongmei.cn/share/dHZsLTI2Ny01.html
主源,央视,山东,临邑1,分享页(base64),live_com.html?script=js/tv/iapp/live.js&url=https://iapp.lyxrmtzx.com/share/dHZsLTQ5LTM.html,live_com.html?script=js/tv/iapp/live.js&url=https://iapp.lyxrmtzx.com/share/dHZsLTQ5LTM.html
主源,央视,山东,宁津综合,分享页(base64),live_com.html?script=js/tv/iapp/live.js&url=https://iapp.njxrmtzx.cn/share/dHZsLTE5My0x.html,live_com.html?script=js/tv/iapp/live.js&url=https://iapp.njxrmtzx.cn/share/dHZsLTE5My0x.html
主源,央视,山东,平原综合,分享页(base64),live_com.html?script=js/tv/iapp/live.js&url=https://iapp.pyxwapp.com/share/dHZsLTE5LTI.html,live_com.html?script=js/tv/iapp/live.js&url=https://iapp.pyxwapp.com/share/dHZsLTE5LTI.html
主源,央视,山东,庆云综合,分享页(base64),live_com.html?script=js/tv/iapp/live.js&url=https://iapp.dztv.tv/share/dHZsLTE3OS02NQ.html,live_com.html?script=js/tv/iapp/live.js&url=https://iapp.dztv.tv/share/dHZsLTE3OS02NQ.html
主源,央视,山东,武城综合,分享页(base64),live_com.html?script=js/tv/iapp/live.js&url=https://iapp.wuchengrmtzx.cn/share/dHZsLTMzLTQ.html,live_com.html?script=js/tv/iapp/live.js&url=https://iapp.wuchengrmtzx.cn/share/dHZsLTMzLTQ.html
主源,央视,山东,武城综艺影视,分享页(base64),live_com.html?script=js/tv/iapp/live.js&url=https://iapp.dztv.tv/share/dHZsLTE3OS01OA.html,live_com.html?script=js/tv/iapp/live.js&url=https://iapp.dztv.tv/share/dHZsLTE3OS01OA.html
主源,央视,山东,夏津综合,分享页(base64),live_com.html?script=js/tv/iapp/live.js&url=https://iapp.dztv.tv/share/dHZsLTE3OS0yMQ.html,live_com.html?script=js/tv/iapp/live.js&url=https://iapp.dztv.tv/share/dHZsLTE3OS0yMQ.html
主源,央视,山东,夏津公共,分享页(base64),live_com.html?script=js/tv/iapp/live.js&url=https://iapp.dztv.tv/share/dHZsLTE3OS0yMw.html,live_com.html?script=js/tv/iapp/live.js&url=https://iapp.dztv.tv/share/dHZsLTE3OS0yMw.html
主源,央视,山东,禹城综合,分享页(base64),live_com.html?script=js/tv/iapp/live.js&url=https://iapp.dztv.tv/share/dHZsLTE3OS00OA.html,live_com.html?script=js/tv/iapp/live.js&url=https://iapp.dztv.tv/share/dHZsLTE3OS00OA.html
主源,央视,山东,禹城综艺,分享页(base64),live_com.html?script=js/tv/iapp/live.js&url=https://iapp.dztv.tv/share/dHZsLTE3OS01MA.html,live_com.html?script=js/tv/iapp/live.js&url=https://iapp.dztv.tv/share/dHZsLTE3OS01MA.html
主源,央视,山东,成武综合,分享页(base64),live_com.html?script=js/tv/iapp/live.js&url=https://iapp.cwcmc.cn/share/dHZsLTEzMS0x.html,live_com.html?script=js/tv/iapp/live.js&url=https://iapp.cwcmc.cn/share/dHZsLTEzMS0x.html
主源,央视,山东,成武综艺,分享页(base64),live_com.html?script=js/tv/iapp/live.js&url=https://iapp.cwcmc.cn/share/dHZsLTEzMS0y.html,live_com.html?script=js/tv/iapp/live.js&url=https://iapp.cwcmc.cn/share/dHZsLTEzMS0y.html
主源,央视,山东,曹县综合,分享页(base64),live_com.html?script=js/tv/iapp/live.js&url=https://iapp.caoxianrongmei.cn/share/dHZsLTg3LTI.html,live_com.html?script=js/tv/iapp/live.js&url=https://iapp.caoxianrongmei.cn/share/dHZsLTg3LTI.html
主源,央视,山东,东明新闻综合,分享页(base64),live_com.html?script=js/tv/iapp/live.js&url=https://iapp.dongmingrongmei.cn/share/dHZsLTExMS0y.html,live_com.html?script=js/tv/iapp/live.js&url=https://iapp.dongmingrongmei.cn/share/dHZsLTExMS0y.html
主源,央视,山东,定陶新闻,分享页(base64),live_com.html?script=js/tv/iapp/live.js&url=https://iapp.aidingtao.cn/share/dHZsLTI3LTc.html,live_com.html?script=js/tv/iapp/live.js&url=https://iapp.aidingtao.cn/share/dHZsLTI3LTc.html
主源,央视,山东,巨野新闻,分享页(base64),live_com.html?script=js/tv/iapp/live.js&url=https://iapp.juyerongmei.cn/share/dHZsLTEzOS0x.html,live_com.html?script=js/tv/iapp/live.js&url=https://iapp.juyerongmei.cn/share/dHZsLTEzOS0x.html
主源,央视,山东,牡丹区新闻综合,分享页(base64),live_com.html?script=js/tv/iapp/live.js&url=https://iapp.hzmdrm.cn/share/dHZsLTIxOS02.html,live_com.html?script=js/tv/iapp/live.js&url=https://iapp.hzmdrm.cn/share/dHZsLTIxOS02.html
主源,央视,山东,牡丹区综艺,分享页(base64),live_com.html?script=js/tv/iapp/live.js&url=https://iapp.hzmdrm.cn/share/dHZsLTIxOS0xNw.html,live_com.html?script=js/tv/iapp/live.js&url=https://iapp.hzmdrm.cn/share/dHZsLTIxOS0xNw.html
主源,央视,山东,单县综合,分享页(base64),live_com.html?script=js/tv/iapp/live.js&url=https://iapp.sdmlsz.com/share/dHZsLTE1NS0y.html,live_com.html?script=js/tv/iapp/live.js&url=https://iapp.sdmlsz.com/share/dHZsLTE1NS0y.html
主源,央视,山东,郓城新闻,分享页(base64),live_com.html?script=js/tv/iapp/live.js&url=https://iapp.ycrmtzx.com.cn/share/dHZsLTEzNS0z.html,live_com.html?script=js/tv/iapp/live.js&url=https://iapp.ycrmtzx.com.cn/share/dHZsLTEzNS0z.html
主源,央视,山东,郓城综艺,分享页(base64),live_com.html?script=js/tv/iapp/live.js&url=https://iapp.ycrmtzx.com.cn/share/dHZsLTEzNS0y.html,live_com.html?script=js/tv/iapp/live.js&url=https://iapp.ycrmtzx.com.cn/share/dHZsLTEzNS0y.html
主源,央视,山东,金乡综合,分享页(base64),live_com.html?script=js/tv/iapp/live.js&url=https://iapp.jxrm.net/share/dHZsLTEyOS0y.html,live_com.html?script=js/tv/iapp/live.js&url=https://iapp.jxrm.net/share/dHZsLTEyOS0y.html
主源,央视,山东,金乡生活,分享页(base64),live_com.html?script=js/tv/iapp/live.js&url=https://iapp.jxrm.net/share/dHZsLTEyOS00.html,live_com.html?script=js/tv/iapp/live.js&url=https://iapp.jxrm.net/share/dHZsLTEyOS00.html
主源,央视,山东,梁山综合,分享页(base64),live_com.html?script=js/tv/iapp/live.js&url=https://iapp.lsrmapp.com/share/dHZsLTg5LTE.html,live_com.html?script=js/tv/iapp/live.js&url=https://iapp.lsrmapp.com/share/dHZsLTg5LTE.html
主源,央视,山东,曲阜新闻综合,分享页(base64),live_com.html?script=js/tv/iapp/live.js&url=https://iapp.jinriqufu.com/share/dHZsLTEzLTE.html,live_com.html?script=js/tv/iapp/live.js&url=https://iapp.jinriqufu.com/share/dHZsLTEzLTE.html
主源,央视,山东,任城新闻综合,分享页(base64),live_com.html?script=js/tv/iapp/live.js&url=https://iapp.rcrmt.cn/share/dHZsLTczLTg.html,live_com.html?script=js/tv/iapp/live.js&url=https://iapp.rcrmt.cn/share/dHZsLTczLTg.html
主源,央视,山东,任城影视娱乐,分享页(base64),live_com.html?script=js/tv/iapp/live.js&url=https://iapp.rcrmt.cn/share/dHZsLTczLTk.html,live_com.html?script=js/tv/iapp/live.js&url=https://iapp.rcrmt.cn/share/dHZsLTczLTk.html
主源,央视,山东,泗水新闻综合,分享页(base64),live_com.html?script=js/tv/iapp/live.js&url=https://iapp.sishuitv.com/share/dHZsLTExNy01.html,live_com.html?script=js/tv/iapp/live.js&url=https://iapp.sishuitv.com/share/dHZsLTExNy01.html
主源,央视,山东,泗水文化生活,分享页(base64),live_com.html?script=js/tv/iapp/live.js&url=https://iapp.sishuitv.com/share/dHZsLTExNy02.html,live_com.html?script=js/tv/iapp/live.js&url=https://iapp.sishuitv.com/share/dHZsLTExNy02.html
主源,央视,山东,汶上综合,分享页(base64),live_com.html?script=js/tv/iapp/live.js&url=https://iapp.wstvs.com/share/dHZsLTMwMS0x.html,live_com.html?script=js/tv/iapp/live.js&url=https://iapp.wstvs.com/share/dHZsLTMwMS0x.html
主源,央视,山东,鱼台新闻,分享页(base64),live_com.html?script=js/tv/iapp/live.js&url=https://iapp.ytxrmtzx.com/share/dHZsLTYzLTU.html,live_com.html?script=js/tv/iapp/live.js&url=https://iapp.ytxrmtzx.com/share/dHZsLTYzLTU.html
主源,央视,山东,鱼台生活,分享页(base64),live_com.html?script=js/tv/iapp/live.js&url=https://iapp.ytxrmtzx.com/share/dHZsLTYzLTE1.html,live_com.html?script=js/tv/iapp/live.js&url=https://iapp.ytxrmtzx.com/share/dHZsLTYzLTE1.html
主源,央视,山东,兖州新闻,分享页(base64),live_com.html?script=js/tv/iapp/live.js&url=https://app.litenews.cn/share/dHZsLTIzMS0x.html,live_com.html?script=js/tv/iapp/live.js&url=https://app.litenews.cn/share/dHZsLTIzMS0x.html
主源,央视,山东,兖州生活,分享页(base64),live_com.html?script=js/tv/iapp/live.js&url=https://app.litenews.cn/share/dHZsLTIzMS0z.html,live_com.html?script=js/tv/iapp/live.js&url=https://app.litenews.cn/share/dHZsLTIzMS0z.html
主源,央视,山东,茌平综合,分享页(base64),live_com.html?script=js/tv/iapp/live.js&url=https://iapp.cprmtvs.com/share/dHZsLTMxLTY.html,live_com.html?script=js/tv/iapp/live.js&url=https://iapp.cprmtvs.com/share/dHZsLTMxLTY.html
主源,央视,山东,茌平生活,分享页(base64),live_com.html?script=js/tv/iapp/live.js&url=https://iapp.cprmtvs.com/share/dHZsLTMxLTg.html,live_com.html?script=js/tv/iapp/live.js&url=https://iapp.cprmtvs.com/share/dHZsLTMxLTg.html
主源,央视,山东,东昌综合,分享页(base64),live_com.html?script=js/tv/iapp/live.js&url=https://iapp.dcfrm.cn/share/dHZsLTI2NS0x.html,live_com.html?script=js/tv/iapp/live.js&url=https://iapp.dcfrm.cn/share/dHZsLTI2NS0x.html
主源,央视,山东,东阿综合,分享页(base64),live_com.html?script=js/tv/iapp/live.js&url=https://iapp.decmc.cn/share/dHZsLTk1LTIy.html,live_com.html?script=js/tv/iapp/live.js&url=https://iapp.decmc.cn/share/dHZsLTk1LTIy.html
主源,央视,山东,东阿综艺,分享页(base64),live_com.html?script=js/tv/iapp/live.js&url=https://iapp.decmc.cn/share/dHZsLTk1LTI5.html,live_com.html?script=js/tv/iapp/live.js&url=https://iapp.decmc.cn/share/dHZsLTk1LTI5.html
主源,央视,山东,高唐综合,分享页(base64),live_com.html?script=js/tv/iapp/live.js&url=https://iapp.gaotangrongmei.com/share/dHZsLTQzLTE.html,live_com.html?script=js/tv/iapp/live.js&url=https://iapp.gaotangrongmei.com/share/dHZsLTQzLTE.html
主源,央视,山东,高唐综艺,分享页(base64),live_com.html?script=js/tv/iapp/live.js&url=https://iapp.gaotangrongmei.com/share/dHZsLTQzLTU.html,live_com.html?script=js/tv/iapp/live.js&url=https://iapp.gaotangrongmei.com/share/dHZsLTQzLTU.html
主源,央视,山东,冠县综合,分享页(base64),live_com.html?script=js/tv/iapp/live.js&url=https://iapp.guanxianrongmei.com/share/dHZsLTc5LTE.html,live_com.html?script=js/tv/iapp/live.js&url=https://iapp.guanxianrongmei.com/share/dHZsLTc5LTE.html
主源,央视,山东,临清综合,分享页(base64),live_com.html?script=js/tv/iapp/live.js&url=https://iapp.lqrmtzx.cn/share/dHZsLTY1LTI.html,live_com.html?script=js/tv/iapp/live.js&url=https://iapp.lqrmtzx.cn/share/dHZsLTY1LTI.html
主源,央视,山东,临清经济信息,分享页(base64),live_com.html?script=js/tv/iapp/live.js&url=https://iapp.lqrmtzx.cn/share/dHZsLTY1LTU.html,live_com.html?script=js/tv/iapp/live.js&url=https://iapp.lqrmtzx.cn/share/dHZsLTY1LTU.html
主源,央视,山东,费县综合,分享页(base64),live_com.html?script=js/tv/iapp/live.js&url=https://iapp.feixianshoufa.cn/share/dHZsLTQxLTExOQ.html,live_com.html?script=js/tv/iapp/live.js&url=https://iapp.feixianshoufa.cn/share/dHZsLTQxLTExOQ.html
主源,央视,山东,费县生活,分享页(base64),live_com.html?script=js/tv/iapp/live.js&url=https://iapp.feixianshoufa.cn/share/dHZsLTQxLTExNw.html,live_com.html?script=js/tv/iapp/live.js&url=https://iapp.feixianshoufa.cn/share/dHZsLTQxLTExNw.html
主源,央视,山东,河东综合,分享页(base64),live_com.html?script=js/tv/iapp/live.js&url=https://iapp.lyhedong.com/share/dHZsLTE5MS0x.html,live_com.html?script=js/tv/iapp/live.js&url=https://iapp.lyhedong.com/share/dHZsLTE5MS0x.html
主源,央视,山东,河东影视,分享页(base64),live_com.html?script=js/tv/iapp/live.js&url=https://iapp.lyhedong.com/share/dHZsLTE5MS0y.html,live_com.html?script=js/tv/iapp/live.js&url=https://iapp.lyhedong.com/share/dHZsLTE5MS0y.html
主源,央视,山东,莒南综合,分享页(base64),live_com.html?script=js/tv/iapp/live.js&url=https://iapp.junanrongmei.cn/share/dHZsLTEwNS00.html,live_com.html?script=js/tv/iapp/live.js&url=https://iapp.junanrongmei.cn/share/dHZsLTEwNS00.html
主源,央视,山东,莒南影视,分享页(base64),live_com.html?script=js/tv/iapp/live.js&url=https://iapp.junanrongmei.cn/share/dHZsLTEwNS01.html,live_com.html?script=js/tv/iapp/live.js&url=https://iapp.junanrongmei.cn/share/dHZsLTEwNS01.html
主源,央视,山东,兰陵综合频道,抽流页(js),live_com.html?script=js/tv/iapp2/live.js&orgId=113&id=131,live_com.html?script=js/tv/iapp2/live.js&orgId=113&id=131
主源,央视,山东,兰陵公共频道,抽流页(js),live_com.html?script=js/tv/iapp2/live.js&orgId=113&id=133,live_com.html?script=js/tv/iapp2/live.js&orgId=113&id=133
主源,央视,山东,兰山综合,分享页(base64),live_com.html?script=js/tv/iapp/live.js&url=https://iapp.lylsrm.cn/share/dHZsLTIwMS0x.html,live_com.html?script=js/tv/iapp/live.js&url=https://iapp.lylsrm.cn/share/dHZsLTIwMS0x.html
主源,央视,山东,临沭综合,分享页(base64),live_com.html?script=js/tv/iapp/live.js&url=https://iapp.sdlsrm.com/share/dHZsLTE2Ny0z.html,live_com.html?script=js/tv/iapp/live.js&url=https://iapp.sdlsrm.com/share/dHZsLTE2Ny0z.html
主源,央视,山东,临沭生活,分享页(base64),live_com.html?script=js/tv/iapp/live.js&url=https://iapp.sdlsrm.com/share/dHZsLTE2Ny00.html,live_com.html?script=js/tv/iapp/live.js&url=https://iapp.sdlsrm.com/share/dHZsLTE2Ny00.html
主源,央视,山东,罗庄综合,分享页(base64),live_com.html?script=js/tv/iapp/live.js&url=https://iapp.luozhuangshoufa.cn/share/dHZsLTE0Ny0x.html,live_com.html?script=js/tv/iapp/live.js&url=https://iapp.luozhuangshoufa.cn/share/dHZsLTE0Ny0x.html
主源,央视,山东,罗庄影视,分享页(base64),live_com.html?script=js/tv/iapp/live.js&url=https://iapp.luozhuangshoufa.cn/share/dHZsLTE0Ny0xNw.html,live_com.html?script=js/tv/iapp/live.js&url=https://iapp.luozhuangshoufa.cn/share/dHZsLTE0Ny0xNw.html
主源,央视,山东,蒙阴综合,分享页(base64),live_com.html?script=js/tv/iapp/live.js&url=https://iapp.mengyinshoufa.com/share/dHZsLTE2MS0xMw.html,live_com.html?script=js/tv/iapp/live.js&url=https://iapp.mengyinshoufa.com/share/dHZsLTE2MS0xMw.html
主源,央视,山东,蒙阴2套,分享页(base64),live_com.html?script=js/tv/iapp/live.js&url=https://iapp.mengyinshoufa.com/share/dHZsLTE2MS0xNQ.html,live_com.html?script=js/tv/iapp/live.js&url=https://iapp.mengyinshoufa.com/share/dHZsLTE2MS0xNQ.html
主源,央视,山东,平邑综合,分享页(base64),live_com.html?script=js/tv/iapp/live.js&url=https://iapp.pyxrmt.com.cn/share/dHZsLTM0NS00.html,live_com.html?script=js/tv/iapp/live.js&url=https://iapp.pyxrmt.com.cn/share/dHZsLTM0NS00.html
主源,央视,山东,平邑生活,分享页(base64),live_com.html?script=js/tv/iapp/live.js&url=https://iapp.pyxrmt.com.cn/share/dHZsLTM0NS0xNA.html,live_com.html?script=js/tv/iapp/live.js&url=https://iapp.pyxrmt.com.cn/share/dHZsLTM0NS0xNA.html
主源,央视,山东,郯城综合,分享页(base64),live_com.html?script=js/tv/iapp/live.js&url=https://iapp.tanchengtv.com/share/dHZsLTgzLTE.html,live_com.html?script=js/tv/iapp/live.js&url=https://iapp.tanchengtv.com/share/dHZsLTgzLTE.html
主源,央视,山东,郯城2套,分享页(base64),live_com.html?script=js/tv/iapp/live.js&url=https://iapp.tanchengtv.com/share/dHZsLTgzLTI.html,live_com.html?script=js/tv/iapp/live.js&url=https://iapp.tanchengtv.com/share/dHZsLTgzLTI.html
主源,央视,山东,沂南综合,分享页(base64),live_com.html?script=js/tv/iapp/live.js&url=https://iapp.12345yinanshoufa.cn/share/dHZsLTE3Ny02.html,live_com.html?script=js/tv/iapp/live.js&url=https://iapp.12345yinanshoufa.cn/share/dHZsLTE3Ny02.html
主源,央视,山东,沂南红色影视,分享页(base64),live_com.html?script=js/tv/iapp/live.js&url=https://iapp.12345yinanshoufa.cn/share/dHZsLTE3Ny03.html,live_com.html?script=js/tv/iapp/live.js&url=https://iapp.12345yinanshoufa.cn/share/dHZsLTE3Ny03.html
主源,央视,山东,沂水综合,分享页(base64),live_com.html?script=js/tv/iapp/live.js&url=https://app.litenews.cn/share/dHZsLTE0NS0x.html,live_com.html?script=js/tv/iapp/live.js&url=https://app.litenews.cn/share/dHZsLTE0NS0x.html
主源,央视,山东,沂水生活,分享页(base64),live_com.html?script=js/tv/iapp/live.js&url=https://app.litenews.cn/share/dHZsLTE0NS0y.html,live_com.html?script=js/tv/iapp/live.js&url=https://app.litenews.cn/share/dHZsLTE0NS0y.html
主源,央视,山东,莒县综合,分享页(base64),live_com.html?script=js/tv/iapp/live.js&url=https://iapp.jxrmtzx.cn/share/dHZsLTE1OS0yMw.html,live_com.html?script=js/tv/iapp/live.js&url=https://iapp.jxrmtzx.cn/share/dHZsLTE1OS0yMw.html
主源,央视,山东,莒县2套,分享页(base64),live_com.html?script=js/tv/iapp/live.js&url=https://iapp.jxrmtzx.cn/share/dHZsLTE1OS0yNw.html,live_com.html?script=js/tv/iapp/live.js&url=https://iapp.jxrmtzx.cn/share/dHZsLTE1OS0yNw.html
主源,央视,山东,五莲综合,分享页(base64),live_com.html?script=js/tv/iapp/live.js&url=https://iapp.wltvlive.cn/share/dHZsLTI5OS0xMA.html,live_com.html?script=js/tv/iapp/live.js&url=https://iapp.wltvlive.cn/share/dHZsLTI5OS0xMA.html
主源,央视,山东,五莲文化旅游,分享页(base64),live_com.html?script=js/tv/iapp/live.js&url=https://iapp.wltvlive.cn/share/dHZsLTI5OS0xMg.html,live_com.html?script=js/tv/iapp/live.js&url=https://iapp.wltvlive.cn/share/dHZsLTI5OS0xMg.html
主源,央视,山东,东平综合,分享页(base64),live_com.html?script=js/tv/iapp/live.js&url=https://iapp.dpsjt.cn/share/dHZsLTE4Ny05.html,live_com.html?script=js/tv/iapp/live.js&url=https://iapp.dpsjt.cn/share/dHZsLTE4Ny05.html
主源,央视,山东,东平民生,分享页(base64),live_com.html?script=js/tv/iapp/live.js&url=https://iapp.dpsjt.cn/share/dHZsLTE4Ny0xMQ.html,live_com.html?script=js/tv/iapp/live.js&url=https://iapp.dpsjt.cn/share/dHZsLTE4Ny0xMQ.html
主源,央视,山东,岱岳TV,分享页(base64),live_com.html?script=js/tv/iapp/live.js&url=https://iapp.daiyuerongmei.cn/share/dHZsLTI5My0x.html,live_com.html?script=js/tv/iapp/live.js&url=https://iapp.daiyuerongmei.cn/share/dHZsLTI5My0x.html
主源,央视,山东,肥城生活,分享页(base64),live_com.html?script=js/tv/iapp/live.js&url=https://iapp.fcrmt.cn/share/dHZsLTUxLTY.html,live_com.html?script=js/tv/iapp/live.js&url=https://iapp.fcrmt.cn/share/dHZsLTUxLTY.html
主源,央视,山东,宁阳综合,分享页(base64),live_com.html?script=js/tv/iapp/live.js&url=https://iapp.nyxrmtzx.cn/share/dHZsLTEyMy0x.html,live_com.html?script=js/tv/iapp/live.js&url=https://iapp.nyxrmtzx.cn/share/dHZsLTEyMy0x.html
主源,央视,山东,宁阳2套,分享页(base64),live_com.html?script=js/tv/iapp/live.js&url=https://iapp.nyxrmtzx.cn/share/dHZsLTEyMy03.html,live_com.html?script=js/tv/iapp/live.js&url=https://iapp.nyxrmtzx.cn/share/dHZsLTEyMy03.html
主源,央视,山东,泰山TV,分享页(base64),live_com.html?script=js/tv/iapp/live.js&url=https://iapp.tsqrmtzx.cn/share/dHZsLTI2My0x.html,live_com.html?script=js/tv/iapp/live.js&url=https://iapp.tsqrmtzx.cn/share/dHZsLTI2My0x.html
主源,央视,山东,新泰综合,分享页(base64),live_com.html?script=js/tv/iapp/live.js&url=https://iapp.xintairongmei.cn/share/dHZsLTU5LTI.html,live_com.html?script=js/tv/iapp/live.js&url=https://iapp.xintairongmei.cn/share/dHZsLTU5LTI.html
主源,央视,山东,新泰乡村,分享页(base64),live_com.html?script=js/tv/iapp/live.js&url=https://iapp.xintairongmei.cn/share/dHZsLTU5LTM.html,live_com.html?script=js/tv/iapp/live.js&url=https://iapp.xintairongmei.cn/share/dHZsLTU5LTM.html
主源,央视,山东,威海新闻综合,分享页(base64),live_com.html?script=js/tv/iapp/live.js&url=https://iapp.weihai.tv/share/dHZsLTE1Ny0x.html,live_com.html?script=js/tv/iapp/live.js&url=https://iapp.weihai.tv/share/dHZsLTE1Ny0x.html
主源,央视,山东,威海都市生活,分享页(base64),live_com.html?script=js/tv/iapp/live.js&url=https://iapp.weihai.tv/share/dHZsLTE1Ny0z.html,live_com.html?script=js/tv/iapp/live.js&url=https://iapp.weihai.tv/share/dHZsLTE1Ny0z.html
主源,央视,山东,威海海洋,分享页(base64),live_com.html?script=js/tv/iapp/live.js&url=https://iapp.weihai.tv/share/dHZsLTE1Ny0xMg.html,live_com.html?script=js/tv/iapp/live.js&url=https://iapp.weihai.tv/share/dHZsLTE1Ny0xMg.html
主源,央视,山东,威海环翠综合,分享页(base64),live_com.html?script=js/tv/iapp/live.js&url=https://iapp.whhccm.cn/share/dHZsLTIxMy01.html,live_com.html?script=js/tv/iapp/live.js&url=https://iapp.whhccm.cn/share/dHZsLTIxMy01.html
主源,央视,山东,荣成综合,分享页(base64),live_com.html?script=js/tv/iapp/live.js&url=https://iapp.rcsrmtzx.cn/share/dHZsLTc3LTEw.html,live_com.html?script=js/tv/iapp/live.js&url=https://iapp.rcsrmtzx.cn/share/dHZsLTc3LTEw.html
主源,央视,山东,荣成生活,分享页(base64),live_com.html?script=js/tv/iapp/live.js&url=https://iapp.rcsrmtzx.cn/share/dHZsLTc3LTEx.html,live_com.html?script=js/tv/iapp/live.js&url=https://iapp.rcsrmtzx.cn/share/dHZsLTc3LTEx.html
主源,央视,山东,乳山综合,分享页(base64),live_com.html?script=js/tv/iapp/live.js&url=https://iapp.rushanrongmei.cn/share/dHZsLTE0My04.html,live_com.html?script=js/tv/iapp/live.js&url=https://iapp.rushanrongmei.cn/share/dHZsLTE0My04.html
主源,央视,山东,乳山生活,分享页(base64),live_com.html?script=js/tv/iapp/live.js&url=https://iapp.rushanrongmei.cn/share/dHZsLTE0My05.html,live_com.html?script=js/tv/iapp/live.js&url=https://iapp.rushanrongmei.cn/share/dHZsLTE0My05.html
主源,央视,山东,文登TV1,分享页(base64),live_com.html?script=js/tv/iapp/live.js&url=https://iapp.wendengsf.com/share/dHZsLTkxLTc.html,live_com.html?script=js/tv/iapp/live.js&url=https://iapp.wendengsf.com/share/dHZsLTkxLTc.html
主源,央视,山东,文登TV2,分享页(base64),live_com.html?script=js/tv/iapp/live.js&url=https://iapp.wendengsf.com/share/dHZsLTkxLTg.html,live_com.html?script=js/tv/iapp/live.js&url=https://iapp.wendengsf.com/share/dHZsLTkxLTg.html
主源,央视,山西,山西卫视,网页,https://apphhplushttps.sxrtv.com//television/live_wap_650.html,https://apphhplushttps.sxrtv.com//television/live_wap_650.html
主源,央视,山西,黄河,网页,https://apphhplushttps.sxrtv.com//television/live_wap_651.html,https://apphhplushttps.sxrtv.com//television/live_wap_651.html
主源,央视,山西,山西经济与科技,网页,https://apphhplushttps.sxrtv.com//television/live_wap_653.html,https://apphhplushttps.sxrtv.com//television/live_wap_653.html
主源,央视,山西,山西影视,网页,https://apphhplushttps.sxrtv.com//television/live_wap_654.html,https://apphhplushttps.sxrtv.com//television/live_wap_654.html
主源,央视,山西,山西社会与法治,网页,https://apphhplushttps.sxrtv.com//television/live_wap_655.html,https://apphhplushttps.sxrtv.com//television/live_wap_655.html
主源,央视,山西,山西文体生活,网页,https://apphhplushttps.sxrtv.com//television/live_wap_656.html,https://apphhplushttps.sxrtv.com//television/live_wap_656.html
主源,央视,山西,太原新闻综合,网页,https://apphhplushttps.sxrtv.com//a/b/a/live_wap_811850.html,https://apphhplushttps.sxrtv.com//a/b/a/live_wap_811850.html
主源,央视,山西,大同新闻综合,网页,http://share.dtradio.com.cn/?_hgOutLink=live/livedetail&channel_id=16,http://share.dtradio.com.cn/?_hgOutLink=live/livedetail&channel_id=16
主源,央视,山西,大同公共,网页,http://share.dtradio.com.cn/?_hgOutLink=live/livedetail&channel_id=8,http://share.dtradio.com.cn/?_hgOutLink=live/livedetail&channel_id=8
主源,央视,山西,大同生活,网页,http://share.dtradio.com.cn/?_hgOutLink=live/livedetail&channel_id=9,http://share.dtradio.com.cn/?_hgOutLink=live/livedetail&channel_id=9
主源,央视,山西,朔州新闻综合,网页,https://apphhplushttps.sxrtv.com//a/b/a/live_wap_811845.html,https://apphhplushttps.sxrtv.com//a/b/a/live_wap_811845.html
主源,央视,山西,山西影视,网页,https://apphhplushttps.sxrtv.com//television/live_wap_654.html,https://apphhplushttps.sxrtv.com//television/live_wap_654.html
主源,央视,山西,忻州综合,网页,https://apphhplushttps.sxrtv.com//a/b/a/live_wap_811842.html,https://apphhplushttps.sxrtv.com//a/b/a/live_wap_811842.html
主源,央视,山西,阳泉新闻综合,网页,https://apphhplushttps.sxrtv.com//a/b/a/live_wap_811848.html,https://apphhplushttps.sxrtv.com//a/b/a/live_wap_811848.html
主源,央视,山西,阳泉科教,网页,http://share.yqrtv.com/?_hgOutLink=live/livedetail&channel_id=11,http://share.yqrtv.com/?_hgOutLink=live/livedetail&channel_id=11
主源,央视,山西,吕梁新闻综合,网页,https://apphhplushttps.sxrtv.com//a/b/a/live_wap_811840.html,https://apphhplushttps.sxrtv.com//a/b/a/live_wap_811840.html
主源,央视,山西,吕梁影视生活,网页,https://web.guangdianyun.tv/tv/2653?uin=2268,https://web.guangdianyun.tv/tv/2653?uin=2268
主源,央视,山西,晋中综合,网页,https://apphhplushttps.sxrtv.com//a/b/a/live_wap_811844.html,https://apphhplushttps.sxrtv.com//a/b/a/live_wap_811844.html
主源,央视,山西,晋中公共,网页,https://app.jztvnews.cn//television/live_wap_12442.html,https://app.jztvnews.cn//television/live_wap_12442.html
主源,央视,山西,长治新闻综合,网页,https://apphhplushttps.sxrtv.com//a/b/a/live_wap_811847.html,https://apphhplushttps.sxrtv.com//a/b/a/live_wap_811847.html
主源,央视,山西,晋城新闻综合,网页,https://apphhplushttps.sxrtv.com//a/b/a/live_wap_811846.html,https://apphhplushttps.sxrtv.com//a/b/a/live_wap_811846.html
主源,央视,山西,临汾综合,网页,https://apphhplushttps.sxrtv.com//a/b/a/live_wap_811841.html,https://apphhplushttps.sxrtv.com//a/b/a/live_wap_811841.html
主源,央视,山西,运城综合,网页,https://apphhplushttps.sxrtv.com//a/b/a/live_wap_811843.html,https://apphhplushttps.sxrtv.com//a/b/a/live_wap_811843.html
主源,央视,浙江,浙江卫视,网页,https://www.cztv.com/liveTV/101,https://www.cztv.com/liveTV/101
主源,央视,浙江,浙江钱江都市,网页,https://www.cztv.com/liveTV/102,https://www.cztv.com/liveTV/102
主源,央视,浙江,浙江经济生活,网页,https://www.cztv.com/liveTV/103,https://www.cztv.com/liveTV/103
主源,央视,浙江,浙江教科影视,网页,https://www.cztv.com/liveTV/104,https://www.cztv.com/liveTV/104
主源,央视,浙江,浙江民生休闲,网页,https://www.cztv.com/liveTV/106,https://www.cztv.com/liveTV/106
主源,央视,浙江,浙江新闻,网页,https://www.cztv.com/liveTV/107,https://www.cztv.com/liveTV/107
主源,央视,浙江,浙江国际,网页,https://www.cztv.com/liveTV/110,https://www.cztv.com/liveTV/110
主源,央视,浙江,浙江好易购,网页,https://www.cztv.com/liveTV/111,https://www.cztv.com/liveTV/111
主源,央视,浙江,浙江之江纪录,网页,https://www.cztv.com/liveTV/112,https://www.cztv.com/liveTV/112
主源,央视,浙江,杭州综合,网页,https://tv.hoolo.tv/hzzh/,https://tv.hoolo.tv/hzzh/
主源,央视,浙江,杭州西湖明珠,网页,https://tv.hoolo.tv/xhmz/,https://tv.hoolo.tv/xhmz/
主源,央视,浙江,杭州生活,网页,https://tv.hoolo.tv/hzsh/,https://tv.hoolo.tv/hzsh/
主源,央视,浙江,杭州影视,网页,https://tv.hoolo.tv/utv/,https://tv.hoolo.tv/utv/
主源,央视,浙江,杭州青少体育,网页,https://tv.hoolo.tv/hzse/,https://tv.hoolo.tv/hzse/
主源,央视,浙江,杭州文化,网页,https://tv.hoolo.tv/whpd/,https://tv.hoolo.tv/whpd/
主源,央视,浙江,宁波新闻综合,网页,https://www.ncmc.nbtv.cn/gbds/folder8458/NBTV1/index.shtml,https://www.ncmc.nbtv.cn/gbds/folder8458/NBTV1/index.shtml
主源,央视,浙江,宁波新闻综合,网页,https://www.ncmc.nbtv.cn/gbds/folder8458/NBTV2/index.shtml,https://www.ncmc.nbtv.cn/gbds/folder8458/NBTV2/index.shtml
主源,央视,浙江,宁波都市文体,网页,https://www.ncmc.nbtv.cn/gbds/folder8458/NBTV3/index.shtml,https://www.ncmc.nbtv.cn/gbds/folder8458/NBTV3/index.shtml
主源,央视,浙江,宁波影视剧,网页,https://www.ncmc.nbtv.cn/gbds/folder8458/NBTV4/index.shtml,https://www.ncmc.nbtv.cn/gbds/folder8458/NBTV4/index.shtml
主源,央视,安徽,安徽卫视,网页,https://www.ahtv.cn/folder9000/folder20193?channelIndex=0,https://www.ahtv.cn/folder9000/folder20193?channelIndex=0
主源,央视,安徽,安徽经济生活,网页,https://www.ahtv.cn/folder9000/folder20193?channelIndex=1,https://www.ahtv.cn/folder9000/folder20193?channelIndex=1
主源,央视,安徽,安徽综艺·体育,网页,https://www.ahtv.cn/folder9000/folder20193?channelIndex=2,https://www.ahtv.cn/folder9000/folder20193?channelIndex=2
主源,央视,安徽,安徽国际,网页,https://www.ahtv.cn/folder9000/folder20193?channelIndex=6,https://www.ahtv.cn/folder9000/folder20193?channelIndex=6
主源,央视,安徽,安徽综艺,网页,https://www.ahtv.cn/folder9000/folder20193?channelIndex=2,https://www.ahtv.cn/folder9000/folder20193?channelIndex=2
主源,央视,安徽,安徽影视,网页,https://www.ahtv.cn/folder9000/folder20193?channelIndex=3,https://www.ahtv.cn/folder9000/folder20193?channelIndex=3
主源,央视,安徽,安徽公共,网页,https://www.ahtv.cn/folder9000/folder20193?channelIndex=4,https://www.ahtv.cn/folder9000/folder20193?channelIndex=4
主源,央视,安徽,安徽农业·科教,网页,https://www.ahtv.cn/folder9000/folder20193?channelIndex=5,https://www.ahtv.cn/folder9000/folder20193?channelIndex=5
主源,央视,安徽,安徽移动电视,网页,https://www.ahtv.cn/folder9000/folder20193?channelIndex=7,https://www.ahtv.cn/folder9000/folder20193?channelIndex=7
主源,央视,安徽,阜阳新闻综合,网页,https://web.guangdianyun.tv/tv/2851?uin=2577,https://web.guangdianyun.tv/tv/2851?uin=2577
主源,央视,安徽,阜阳教育,网页,https://web.guangdianyun.tv/tv/2852?uin=2577,https://web.guangdianyun.tv/tv/2852?uin=2577
主源,央视,安徽,阜阳生活,网页,https://web.guangdianyun.tv/tv/2853?uin=2577,https://web.guangdianyun.tv/tv/2853?uin=2577
主源,央视,安徽,阜阳都市文艺,网页,https://web.guangdianyun.tv/tv/2854?uin=2577,https://web.guangdianyun.tv/tv/2854?uin=2577
主源,央视,安徽,芜湖新闻综合,网页,https://www.wuhubtv.com/folder1194/,https://www.wuhubtv.com/folder1194/
主源,央视,安徽,芜湖生活,网页,https://www.wuhubtv.com/folder1194/?ujs=JCQoJy5uYXZMaXN0IGFbdGl0bGU9IueUn+a0u+mikemBkyJdJykuY2xpY2soKQ==,https://www.wuhubtv.com/folder1194/?ujs=JCQoJy5uYXZMaXN0IGFbdGl0bGU9IueUn+a0u+mikemBkyJdJykuY2xpY2soKQ==
主源,央视,安徽,亳州综合,网页,https://www.ahbztv.com/televisi0n.html,https://www.ahbztv.com/televisi0n.html
主源,央视,安徽,亳州农村,网页,https://www.ahbztv.com/televisi0n.html?ujs=JCQoJyNjaGFubmVsIC5zd2lwZXItc2xpZGUnKS5maWx0ZXIoZnVuY3Rpb24oKSB7cmV0dXJuICQkKHRoaXMpLnRleHQoKS50cmltKCkgPT09ICflhpzmnZHpopHpgZMnO30pLmNsaWNrKCk=,https://www.ahbztv.com/televisi0n.html?ujs=JCQoJyNjaGFubmVsIC5zd2lwZXItc2xpZGUnKS5maWx0ZXIoZnVuY3Rpb24oKSB7cmV0dXJuICQkKHRoaXMpLnRleHQoKS50cmltKCkgPT09ICflhpzmnZHpopHpgZMnO30pLmNsaWNrKCk=
主源,央视,安徽,淮北新闻综合,直连流(内嵌),live.html?url=https://vms-x.hbnews.net/video/xwzh/index.m3u8,https://vms-x.hbnews.net/video/xwzh/index.m3u8
主源,央视,安徽,淮北经济生活,直连流(内嵌),live.html?url=https://vms-x.hbnews.net/video/JJSH/index.m3u8,https://vms-x.hbnews.net/video/JJSH/index.m3u8
主源,央视,安徽,宿州新闻综合,直连流(内嵌),live.html?url=https://live.ahsz.tv/video/s10001-szzh/index.m3u8,https://live.ahsz.tv/video/s10001-szzh/index.m3u8
主源,央视,安徽,宿州科教生活,直连流(内嵌),live.html?url=https://live.ahsz.tv/video/s10001-kxjy/index.m3u8,https://live.ahsz.tv/video/s10001-kxjy/index.m3u8
主源,央视,江苏,江苏卫视,网页,https://live.jstv.com/?tag=江苏卫视,https://live.jstv.com/?tag=江苏卫视
主源,央视,江苏,江苏卫视4K超高清,网页,https://live.jstv.com/?tag=江苏卫视4K超高清,https://live.jstv.com/?tag=江苏卫视4K超高清
主源,央视,江苏,江苏综艺,网页,https://live.jstv.com/?tag=江苏综艺,https://live.jstv.com/?tag=江苏综艺
主源,央视,江苏,江苏新闻,网页,https://live.jstv.com/?tag=江苏新闻,https://live.jstv.com/?tag=江苏新闻
主源,央视,江苏,江苏城市,网页,https://live.jstv.com/?tag=江苏城市,https://live.jstv.com/?tag=江苏城市
主源,央视,江苏,江苏影视,网页,https://live.jstv.com/?tag=江苏影视,https://live.jstv.com/?tag=江苏影视
主源,央视,江苏,江苏教育,网页,https://live.jstv.com/?tag=江苏教育,https://live.jstv.com/?tag=江苏教育
主源,央视,江苏,江苏体育·休闲,网页,https://live.jstv.com/?tag=体育休闲,https://live.jstv.com/?tag=体育休闲
主源,央视,江苏,江苏国际,网页,https://live.jstv.com/?tag=江苏国际,https://live.jstv.com/?tag=江苏国际
主源,央视,江苏,苏州新闻综合,直连流(内嵌),live.html?url=https://live-auth.51kandianshi.com/szgd/csztv1.m3u8,https://live-auth.51kandianshi.com/szgd/csztv1.m3u8
主源,央视,江苏,苏州社会经济,直连流(内嵌),live.html?url=https://live-auth.51kandianshi.com/szgd/csztv2.m3u8,https://live-auth.51kandianshi.com/szgd/csztv2.m3u8
主源,央视,江苏,苏州电影娱乐,直连流(内嵌),live.html?url=https://live-auth.51kandianshi.com/szgd/csztv4.m3u8,https://live-auth.51kandianshi.com/szgd/csztv4.m3u8
主源,央视,江苏,苏州生活资讯,直连流(内嵌),live.html?url=https://live-auth.51kandianshi.com/szgd/csztv5.m3u8,https://live-auth.51kandianshi.com/szgd/csztv5.m3u8
主源,央视,江苏,苏州4K,直连流(内嵌),live.html?url=https://live-auth.51kandianshi.com/szgd/csztv4k_4k.m3u8,https://live-auth.51kandianshi.com/szgd/csztv4k_4k.m3u8
主源,央视,江苏,南京新闻综合,网页,https://www.nbs.cn/live/?id=109152,https://www.nbs.cn/live/?id=109152
主源,央视,江苏,南京十八·生活,网页,https://www.nbs.cn/live/?id=110094,https://www.nbs.cn/live/?id=110094
主源,央视,江苏,南京教科,网页,https://www.nbs.cn/live/?id=109153,https://www.nbs.cn/live/?id=109153
主源,央视,江苏,南京文旅纪录,网页,https://www.nbs.cn/live/?id=110093,https://www.nbs.cn/live/?id=110093
主源,央视,江苏,南通新闻综合,网页,https://www.ntjoy.com/ntw/broadcastTvs.html?menuCode=ntw005,https://www.ntjoy.com/ntw/broadcastTvs.html?menuCode=ntw005
主源,央视,福建,福建综合,网页,https://www.fjtv.net/front-cloudlive-manage-h5/index.html?id=665248990102917120&company_id=468&utaot=1,https://www.fjtv.net/front-cloudlive-manage-h5/index.html?id=665248990102917120&company_id=468&utaot=1
主源,央视,福建,东南卫视,网页,https://www.fjtv.net/front-cloudlive-manage-h5/index.html?id=665248966136664064&company_id=468&utaot=1,https://www.fjtv.net/front-cloudlive-manage-h5/index.html?id=665248966136664064&company_id=468&utaot=1
主源,央视,福建,福建乡村振兴公共,网页,https://www.fjtv.net/front-cloudlive-manage-h5/index.html?id=665248940467523584&company_id=468&utaot=1,https://www.fjtv.net/front-cloudlive-manage-h5/index.html?id=665248940467523584&company_id=468&utaot=1
主源,央视,福建,福建新闻,网页,https://www.fjtv.net/front-cloudlive-manage-h5/index.html?id=665248914378952704&company_id=468&utaot=1,https://www.fjtv.net/front-cloudlive-manage-h5/index.html?id=665248914378952704&company_id=468&utaot=1
主源,央视,福建,福建电视剧,网页,https://www.fjtv.net/front-cloudlive-manage-h5/index.html?id=665248891478052864&company_id=468&utaot=1,https://www.fjtv.net/front-cloudlive-manage-h5/index.html?id=665248891478052864&company_id=468&utaot=1
主源,央视,福建,福建旅游,网页,https://www.fjtv.net/front-cloudlive-manage-h5/index.html?id=665248752898248704&company_id=468&utaot=1,https://www.fjtv.net/front-cloudlive-manage-h5/index.html?id=665248752898248704&company_id=468&utaot=1
主源,央视,福建,福建经济,网页,https://www.fjtv.net/front-cloudlive-manage-h5/index.html?id=665248614498799616&company_id=468&utaot=1,https://www.fjtv.net/front-cloudlive-manage-h5/index.html?id=665248614498799616&company_id=468&utaot=1
主源,央视,福建,福建文体,网页,https://www.fjtv.net/front-cloudlive-manage-h5/index.html?id=665248584991870976&company_id=468&utaot=1,https://www.fjtv.net/front-cloudlive-manage-h5/index.html?id=665248584991870976&company_id=468&utaot=1
主源,央视,福建,福建少儿,网页,https://www.fjtv.net/front-cloudlive-manage-h5/index.html?id=665248553475870720&company_id=468&utaot=1,https://www.fjtv.net/front-cloudlive-manage-h5/index.html?id=665248553475870720&company_id=468&utaot=1
主源,央视,福建,海峡卫视,网页,https://www.fjtv.net/front-cloudlive-manage-h5/index.html?id=665248523855695872&company_id=468&utaot=1,https://www.fjtv.net/front-cloudlive-manage-h5/index.html?id=665248523855695872&company_id=468&utaot=1
主源,央视,福建,厦门卫视,网页,https://www.fjtv.net/front-cloudlive-manage-h5/index.html?id=727571808803282944&company_id=468&utaot=1,https://www.fjtv.net/front-cloudlive-manage-h5/index.html?id=727571808803282944&company_id=468&utaot=1
主源,央视,福建,福州新闻综合,网页,https://www.fjtv.net/front-cloudlive-manage-h5/index.html?id=731087090473676800&company_id=468&utaot=1,https://www.fjtv.net/front-cloudlive-manage-h5/index.html?id=731087090473676800&company_id=468&utaot=1
主源,央视,福建,福州生活,直连流(内嵌),live.html?url=https://live.zohi.tv/video/s10001-fztv-3/index.m3u8,https://live.zohi.tv/video/s10001-fztv-3/index.m3u8
主源,央视,福建,福建文体,直连流(内嵌),live.html?url=https://live.zohi.tv/video/s10001-fztv-4/index.m3u8,https://live.zohi.tv/video/s10001-fztv-4/index.m3u8
主源,央视,福建,福建少儿,网页,https://www.fjtv.net/front-cloudlive-manage-h5/index.html?id=665248553475870720&company_id=468&utaot=1,https://www.fjtv.net/front-cloudlive-manage-h5/index.html?id=665248553475870720&company_id=468&utaot=1
主源,央视,福建,泉州新闻综合,网页,https://www.qztv.cn/index/Medias/index/media_id/wq95wqbDnMKyd8KiwqzChnt0w5nChcKowoHCoQ/stream_name/news.html,https://www.qztv.cn/index/Medias/index/media_id/wq95wqbDnMKyd8KiwqzChnt0w5nChcKowoHCoQ/stream_name/news.html
主源,央视,福建,泉州闽南语,网页,https://www.qztv.cn/index/Medias/index/media_id/wq95wqbDnMKyd8KiwqzChnt0w5nChcKofcKh/stream_name/mny.html,https://www.qztv.cn/index/Medias/index/media_id/wq95wqbDnMKyd8KiwqzChnt0w5nChcKofcKh/stream_name/mny.html
主源,央视,福建,漳州新闻综合,网页,https://www.fjtv.net/front-cloudlive-manage-h5/index.html?id=727214415649083392&company_id=468&utaot=1,https://www.fjtv.net/front-cloudlive-manage-h5/index.html?id=727214415649083392&company_id=468&utaot=1
主源,央视,福建,龙岩综合,网页,https://www.fjtv.net/front-cloudlive-manage-h5/index.html?id=727212352215093248&company_id=468&utaot=1,https://www.fjtv.net/front-cloudlive-manage-h5/index.html?id=727212352215093248&company_id=468&utaot=1
主源,央视,福建,三明综合,网页,https://www.fjtv.net/front-cloudlive-manage-h5/index.html?id=727216678547394560&company_id=468&utaot=1,https://www.fjtv.net/front-cloudlive-manage-h5/index.html?id=727216678547394560&company_id=468&utaot=1
主源,央视,福建,南平综合,网页,https://www.fjtv.net/front-cloudlive-manage-h5/index.html?id=727216450918322176&company_id=468&utaot=1,https://www.fjtv.net/front-cloudlive-manage-h5/index.html?id=727216450918322176&company_id=468&utaot=1
主源,央视,福建,莆田新闻综合,网页,https://www.ptbtv.com/4?_hgOutLink=live/livedetail&channel_id=4,https://www.ptbtv.com/4?_hgOutLink=live/livedetail&channel_id=4
主源,央视,福建,莆田文旅生活,网页,https://www.ptbtv.com/5?_hgOutLink=live/livedetail&channel_id=5,https://www.ptbtv.com/5?_hgOutLink=live/livedetail&channel_id=5
主源,央视,福建,仙游综合,网页,https://www.ptbtv.com/6?_hgOutLink=live/livedetail&channel_id=6,https://www.ptbtv.com/6?_hgOutLink=live/livedetail&channel_id=6
主源,央视,福建,宁德新闻综合,网页,http://share.nddst.com/?_hgOutLink=live/livedetail&channel_id=41,http://share.nddst.com/?_hgOutLink=live/livedetail&channel_id=41
主源,央视,福建,宁德文化旅游,网页,http://share.nddst.com/?_hgOutLink=live/livedetail&channel_id=42,http://share.nddst.com/?_hgOutLink=live/livedetail&channel_id=42
主源,央视,福建,平潭新闻综合,网页,https://web.guangdianyun.tv/tv/907?uin=1118&utaot=1&ujs=X3R2RnVuYy5jaGVjayhmdW5jdGlvbiAoKXtyZXR1cm4gJCQoIiNmb2xsb3ctc2tpbiIpLmxlbmd0aD4wfSxmdW5jdGlvbiAoKXskJCgiI2ZvbGxvdy1za2luIikucmVtb3ZlKCk7fSk7,https://web.guangdianyun.tv/tv/907?uin=1118&utaot=1&ujs=X3R2RnVuYy5jaGVjayhmdW5jdGlvbiAoKXtyZXR1cm4gJCQoIiNmb2xsb3ctc2tpbiIpLmxlbmd0aD4wfSxmdW5jdGlvbiAoKXskJCgiI2ZvbGxvdy1za2luIikucmVtb3ZlKCk7fSk7
主源,央视,北京,北京卫视,网页,https://www.btime.com/btv/btvsy_index?tag=0,https://www.btime.com/btv/btvsy_index?tag=0
主源,央视,北京,北京文艺,网页,https://www.btime.com/btv/btvsy_index?tag=1,https://www.btime.com/btv/btvsy_index?tag=1
主源,央视,北京,北京纪实科教,网页,https://www.btime.com/btv/btvsy_index?tag=2,https://www.btime.com/btv/btvsy_index?tag=2
主源,央视,北京,北京影视,网页,https://www.btime.com/btv/btvsy_index?tag=3,https://www.btime.com/btv/btvsy_index?tag=3
主源,央视,北京,北京财经,网页,https://www.btime.com/btv/btvsy_index?tag=4,https://www.btime.com/btv/btvsy_index?tag=4
主源,央视,北京,北京体育,网页,https://www.btime.com/btv/btvsy_index?tag=5,https://www.btime.com/btv/btvsy_index?tag=5
主源,央视,北京,北京生活,网页,https://www.btime.com/btv/btvsy_index?tag=6,https://www.btime.com/btv/btvsy_index?tag=6
主源,央视,北京,北京新闻,网页,https://www.btime.com/btv/btvsy_index?tag=7,https://www.btime.com/btv/btvsy_index?tag=7
主源,央视,上海,上海东方卫视,网页,https://live.kankanews.com/huikan?id=1,https://live.kankanews.com/huikan?id=1
主源,央视,上海,上海新闻综合,网页,https://live.kankanews.com/huikan?id=2,https://live.kankanews.com/huikan?id=2
主源,央视,上海,上海魔都眼,网页,https://live.kankanews.com/huikan?id=11,https://live.kankanews.com/huikan?id=11
主源,央视,上海,上海第一财经,网页,https://live.kankanews.com/huikan?id=5,https://live.kankanews.com/huikan?id=5
主源,央视,上海,上海新纪实,网页,https://live.kankanews.com/huikan?id=12,https://live.kankanews.com/huikan?id=12
主源,央视,上海,上海都市,网页,https://live.kankanews.com/huikan?id=4,https://live.kankanews.com/huikan?id=4
主源,央视,上海,上海五星体育,网页,https://live.kankanews.com/huikan?id=10,https://live.kankanews.com/huikan?id=10
主源,央视,深圳,深圳卫视,网页,https://www.sztv.com.cn/dianshi.shtml?id=7867&u-link=1,https://www.sztv.com.cn/dianshi.shtml?id=7867&u-link=1
主源,央视,深圳,深圳卫视4K,网页,https://www.sztv.com.cn/dianshi.shtml?id=24725&u-link=1,https://www.sztv.com.cn/dianshi.shtml?id=24725&u-link=1
主源,央视,深圳,深圳都市,网页,https://www.sztv.com.cn/dianshi.shtml?id=7868&u-link=1,https://www.sztv.com.cn/dianshi.shtml?id=7868&u-link=1
主源,央视,深圳,深圳电视剧,网页,https://www.sztv.com.cn/dianshi.shtml?id=7880&u-link=1,https://www.sztv.com.cn/dianshi.shtml?id=7880&u-link=1
主源,央视,深圳,深圳财经,网页,https://www.sztv.com.cn/dianshi.shtml?id=7871&u-link=1,https://www.sztv.com.cn/dianshi.shtml?id=7871&u-link=1
主源,央视,深圳,深圳移动电视,网页,https://www.sztv.com.cn/dianshi.shtml?id=7869&u-link=1,https://www.sztv.com.cn/dianshi.shtml?id=7869&u-link=1
主源,央视,深圳,深圳国际,网页,https://www.sztv.com.cn/dianshi.shtml?id=7944&u-link=1,https://www.sztv.com.cn/dianshi.shtml?id=7944&u-link=1
主源,央视,四川,四川卫视,抽流页(js),live_com.html?script=js/tv/sctv/sctv.js&tag=1,live_com.html?script=js/tv/sctv/sctv.js&tag=1
主源,央视,四川,四川新闻,抽流页(js),live_com.html?script=js/tv/sctv/sctv.js&tag=2,live_com.html?script=js/tv/sctv/sctv.js&tag=2
主源,央视,四川,四川经济,抽流页(js),live_com.html?script=js/tv/sctv/sctv.js&tag=3,live_com.html?script=js/tv/sctv/sctv.js&tag=3
主源,央视,四川,四川文化旅游,抽流页(js),live_com.html?script=js/tv/sctv/sctv.js&tag=4,live_com.html?script=js/tv/sctv/sctv.js&tag=4
主源,央视,四川,四川影视文艺,抽流页(js),live_com.html?script=js/tv/sctv/sctv.js&tag=5,live_com.html?script=js/tv/sctv/sctv.js&tag=5
主源,央视,四川,四川妇女儿童,抽流页(js),live_com.html?script=js/tv/sctv/sctv.js&tag=6,live_com.html?script=js/tv/sctv/sctv.js&tag=6
主源,央视,四川,四川乡村,抽流页(js),live_com.html?script=js/tv/sctv/sctv.js&tag=8,live_com.html?script=js/tv/sctv/sctv.js&tag=8
主源,央视,四川,四川康巴卫视,抽流页(js),live_com.html?script=js/tv/sctv/sctv.js&tag=9,live_com.html?script=js/tv/sctv/sctv.js&tag=9
主源,央视,四川,重庆新闻综合,网页,https://www.cbg.cn/web/list/4918/1.html?5DEFC70C1A4AOD5173881C62BD4ACAD0,https://www.cbg.cn/web/list/4918/1.html?5DEFC70C1A4AOD5173881C62BD4ACAD0
主源,央视,四川,南江综合,网页,https://web.guangdianyun.tv/tv/?id=1670&uin=1822,https://web.guangdianyun.tv/tv/?id=1670&uin=1822
主源,央视,四川,泸县综合,网页,https://web.guangdianyun.tv/tv/?id=1645&uin=2392,https://web.guangdianyun.tv/tv/?id=1645&uin=2392
主源,央视,四川,绵竹综合,网页,https://web.guangdianyun.tv/tv/?id=1933&uin=3277,https://web.guangdianyun.tv/tv/?id=1933&uin=3277
主源,央视,四川,射洪综合,网页,https://web.guangdianyun.tv/tv/?id=391&uin=1743,https://web.guangdianyun.tv/tv/?id=391&uin=1743
主源,央视,四川,成都新闻综合,网页,https://www.cditv.cn/show/4845-563.html?utaot=1&ujs=JCQoIi5oZWFkZXIiKS5yZW1vdmUoKQ==,https://www.cditv.cn/show/4845-563.html?utaot=1&ujs=JCQoIi5oZWFkZXIiKS5yZW1vdmUoKQ==
主源,央视,四川,成都经济资讯,网页,https://www.cditv.cn/show/4845-562.html?utaot=1&ujs=JCQoIi5oZWFkZXIiKS5yZW1vdmUoKQ==,https://www.cditv.cn/show/4845-562.html?utaot=1&ujs=JCQoIi5oZWFkZXIiKS5yZW1vdmUoKQ==
主源,央视,四川,成都都市生活,网页,https://www.cditv.cn/show/4845-561.html?utaot=1&ujs=JCQoIi5oZWFkZXIiKS5yZW1vdmUoKQ==,https://www.cditv.cn/show/4845-561.html?utaot=1&ujs=JCQoIi5oZWFkZXIiKS5yZW1vdmUoKQ==
主源,央视,四川,成都影视文艺,网页,https://www.cditv.cn/show/4845-560.html?utaot=1&ujs=JCQoIi5oZWFkZXIiKS5yZW1vdmUoKQ==,https://www.cditv.cn/show/4845-560.html?utaot=1&ujs=JCQoIi5oZWFkZXIiKS5yZW1vdmUoKQ==
主源,央视,四川,成都公共,网页,https://www.cditv.cn/show/4845-559.html?utaot=1&ujs=JCQoIi5oZWFkZXIiKS5yZW1vdmUoKQ==,https://www.cditv.cn/show/4845-559.html?utaot=1&ujs=JCQoIi5oZWFkZXIiKS5yZW1vdmUoKQ==
主源,央视,四川,成都少儿,网页,https://www.cditv.cn/show/4845-558.html?utaot=1&ujs=JCQoIi5oZWFkZXIiKS5yZW1vdmUoKQ==,https://www.cditv.cn/show/4845-558.html?utaot=1&ujs=JCQoIi5oZWFkZXIiKS5yZW1vdmUoKQ==
主源,央视,四川,成都蓉城先锋,网页,https://www.cditv.cn/show/4845-592.html?utaot=1&ujs=JCQoIi5oZWFkZXIiKS5yZW1vdmUoKQ==,https://www.cditv.cn/show/4845-592.html?utaot=1&ujs=JCQoIi5oZWFkZXIiKS5yZW1vdmUoKQ==
主源,央视,四川,内江综合,网页,http://www.scnj.tv/plus/live/live.php?id=15948060915449&flag=1,http://www.scnj.tv/plus/live/live.php?id=15948060915449&flag=1
主源,央视,四川,达州新闻综合,直连流(内嵌),live.html?url=https://m3u8channel.dzrm.cn/nmip-media/channellive/channel104234/playlist.m3u8,https://m3u8channel.dzrm.cn/nmip-media/channellive/channel104234/playlist.m3u8
主源,央视,四川,达州文化生活,直连流(内嵌),live.html?url=https://m3u8channel.dzrm.cn/nmip-media/channellive/channel104727/playlist.m3u8,https://m3u8channel.dzrm.cn/nmip-media/channellive/channel104727/playlist.m3u8
主源,央视,四川,达州通川,直连流(内嵌),live.html?url=https://m3u8channel.dzrm.cn/nmip-media/channellive/channel105011/playlist.m3u8,https://m3u8channel.dzrm.cn/nmip-media/channellive/channel105011/playlist.m3u8
主源,央视,四川,泸州新闻综合,网页,https://www.luzhoubs.com/lztv1/index.html,https://www.luzhoubs.com/lztv1/index.html
主源,央视,四川,泸州科教生活,网页,https://www.luzhoubs.com/lztv3/index.html,https://www.luzhoubs.com/lztv3/index.html
主源,央视,四川,攀枝花新闻综合,网页,https://h5.pzhkai.com/front-cloudlive-manage-h5/index.html?id=536937329516896257&company_id=1051,https://h5.pzhkai.com/front-cloudlive-manage-h5/index.html?id=536937329516896257&company_id=1051
主源,央视,四川,遂宁综合,网页,https://www.snxw.com/suinMini/site/6642bf8360b26293fe689f04/6642d21860b26293fe689f4c,https://www.snxw.com/suinMini/site/6642bf8360b26293fe689f04/6642d21860b26293fe689f4c
主源,央视,四川,遂宁文化生活,直连流(内嵌),live.html?url=https://szyplaytv.snxw.com/live/gggy/playlist.m3u8,https://szyplaytv.snxw.com/live/gggy/playlist.m3u8
主源,央视,四川,广元综合,直连流(内嵌),live.html?url=https://m3u8.channel.dzsm.com/nmip-media/channellive/channel100999/playlist.m3u8,https://m3u8.channel.dzsm.com/nmip-media/channellive/channel100999/playlist.m3u8
主源,央视,四川,广元文化生活,直连流(内嵌),live.html?url=https://m3u8.channel.dzsm.com/nmip-media/channellive/channel101257/playlist.m3u8,https://m3u8.channel.dzsm.com/nmip-media/channellive/channel101257/playlist.m3u8
主源,央视,四川,资阳新闻综合,网页,http://www.zyrb.com.cn/#/bD074b747F?pkey=,http://www.zyrb.com.cn/#/bD074b747F?pkey=
主源,央视,四川,甘孜综合,网页,https://www.ganzitv.com/cms/tv,https://www.ganzitv.com/cms/tv
主源,央视,四川,凉山新闻综合,直连流(内嵌),live.html?url=https://tvlive.i0834.cn/nmip-media/channellive/channel114103/playlist.m3u8,https://tvlive.i0834.cn/nmip-media/channellive/channel114103/playlist.m3u8
主源,央视,四川,凉山彝语综合,直连流(内嵌),live.html?url=https://tvlive.i0834.cn/nmip-media/channellive/channel115044/playlist.m3u8,https://tvlive.i0834.cn/nmip-media/channellive/channel115044/playlist.m3u8
主源,央视,四川,雅安新闻综合,网页,https://www.beiww.com/shiting,https://www.beiww.com/shiting
主源,央视,四川,绵阳新闻综合,网页,https://myntv.cn/html/zb/mytv1.asp,https://myntv.cn/html/zb/mytv1.asp
主源,央视,四川,绵阳科教生活,网页,https://myntv.cn/html/zb/mytv2.asp,https://myntv.cn/html/zb/mytv2.asp
主源,央视,河北,河北卫视,网页,https://web.cmc.hebtv.com/cms/rmt0336_html/19/19js/st/xdszb/10524916.shtml,https://web.cmc.hebtv.com/cms/rmt0336_html/19/19js/st/xdszb/10524916.shtml
主源,央视,河北,河北经济生活,网页,https://web.cmc.hebtv.com/cms/rmt0336_html/19/19js/st/xdszb/10516507.shtml?share=true,https://web.cmc.hebtv.com/cms/rmt0336_html/19/19js/st/xdszb/10516507.shtml?share=true
主源,央视,河北,河北三农,网页,https://web.cmc.hebtv.com/cms/rmt0336_html/19/19js/st/xdszb/10516508.shtml?share=true,https://web.cmc.hebtv.com/cms/rmt0336_html/19/19js/st/xdszb/10516508.shtml?share=true
主源,央视,河北,河北都市,网页,https://web.cmc.hebtv.com/cms/rmt0336_html/19/19js/st/xdszb/10516509.shtml?share=true,https://web.cmc.hebtv.com/cms/rmt0336_html/19/19js/st/xdszb/10516509.shtml?share=true
主源,央视,河北,河北影视剧,网页,https://web.cmc.hebtv.com/cms/rmt0336_html/19/19js/st/xdszb/10516510.shtml?share=true,https://web.cmc.hebtv.com/cms/rmt0336_html/19/19js/st/xdszb/10516510.shtml?share=true
主源,央视,河北,河北少儿科教,网页,https://web.cmc.hebtv.com/cms/rmt0336_html/19/19js/st/xdszb/10516511.shtml?share=true,https://web.cmc.hebtv.com/cms/rmt0336_html/19/19js/st/xdszb/10516511.shtml?share=true
主源,央视,河北,河北文旅·公共,网页,https://web.cmc.hebtv.com/cms/rmt0336_html/19/19js/st/xdszb/10516512.shtml?share=true,https://web.cmc.hebtv.com/cms/rmt0336_html/19/19js/st/xdszb/10516512.shtml?share=true
主源,央视,河北,沧州新闻综合,网页,https://www.czgd.tv/Article/des?infoid=32768&modelid=3,https://www.czgd.tv/Article/des?infoid=32768&modelid=3
主源,央视,河北,沧州公共,网页,https://www.czgd.tv/Article/des?infoid=32769&modelid=3,https://www.czgd.tv/Article/des?infoid=32769&modelid=3
主源,央视,河北,沧州影视,网页,https://www.czgd.tv/Article/des?infoid=32770&modelid=3,https://www.czgd.tv/Article/des?infoid=32770&modelid=3
主源,央视,河北,衡水综合,网页,https://app.hsrtv.cn/web/teletv/tv_content_1.html,https://app.hsrtv.cn/web/teletv/tv_content_1.html
主源,央视,河北,衡水公共,网页,https://app.hsrtv.cn/web/teletv/tv_content_4.html,https://app.hsrtv.cn/web/teletv/tv_content_4.html
主源,央视,河北,邢台公共,网页,https://www.xttv.com.cn/index/channel/index/id/62.html,https://www.xttv.com.cn/index/channel/index/id/62.html
主源,央视,河北,邢台城市生活,网页,https://www.xttv.com.cn/index/channel/index/id/64html,https://www.xttv.com.cn/index/channel/index/id/64html
主源,央视,河北,石家庄新闻综合,网页,https://plusshare.sjzntv.cn/?_hgOutLink=live/livedetail&channel_id=4,https://plusshare.sjzntv.cn/?_hgOutLink=live/livedetail&channel_id=4
主源,央视,河北,石家庄城市服务,网页,https://plusshare.sjzntv.cn/?_hgOutLink=live/livedetail&channel_id=5,https://plusshare.sjzntv.cn/?_hgOutLink=live/livedetail&channel_id=5
主源,央视,河北,石家庄文化娱乐,网页,https://plusshare.sjzntv.cn/?_hgOutLink=live/livedetail&channel_id=6,https://plusshare.sjzntv.cn/?_hgOutLink=live/livedetail&channel_id=6
主源,央视,河南,河南卫视,网页,https://static.hntv.tv/kds/#/,https://static.hntv.tv/kds/#/
主源,央视,河南,河南新闻,网页,https://static.hntv.tv/total/television/?id=149&u-link=1,https://static.hntv.tv/total/television/?id=149&u-link=1
主源,央视,河南,河南都市,网页,https://www.hndyjyfw.gov.cn/livePlay.html?u=14,https://www.hndyjyfw.gov.cn/livePlay.html?u=14
主源,央视,河南,河南民生,网页,https://www.hndyjyfw.gov.cn/livePlay.html?u=15,https://www.hndyjyfw.gov.cn/livePlay.html?u=15
主源,央视,河南,河南梨园,网页,https://www.hndyjyfw.gov.cn/livePlay.html?u=16,https://www.hndyjyfw.gov.cn/livePlay.html?u=16
主源,央视,河南,河南法治,网页,https://static.hntv.tv/total/television/?id=147&u-link=1,https://static.hntv.tv/total/television/?id=147&u-link=1
主源,央视,河南,河南公共,网页,https://static.hntv.tv/total/television/?id=151&u-link=1,https://static.hntv.tv/total/television/?id=151&u-link=1
主源,央视,河南,河南乡村,网页,https://static.hntv.tv/total/television/?id=152&u-link=1,https://static.hntv.tv/total/television/?id=152&u-link=1
主源,央视,河南,河南电视剧,网页,https://static.hntv.tv/total/television/?id=148&u-link=1,https://static.hntv.tv/total/television/?id=148&u-link=1
主源,央视,河南,河南文物宝库,网页,https://static.hntv.tv/total/television/?id=155&u-link=1,https://static.hntv.tv/total/television/?id=155&u-link=1
主源,央视,河南,河南武术世界,网页,https://static.hntv.tv/total/television/?id=156&u-link=1,https://static.hntv.tv/total/television/?id=156&u-link=1
主源,央视,河南,河南曲艺,网页,https://static.hntv.tv/total/television/?id=157&u-link=1,https://static.hntv.tv/total/television/?id=157&u-link=1
主源,央视,河南,河南移动戏曲,网页,https://static.hntv.tv/total/television/?id=163&u-link=1,https://static.hntv.tv/total/television/?id=163&u-link=1
主源,央视,河南,河南象视界,网页,https://static.hntv.tv/total/television/?id=183&u-link=1,https://static.hntv.tv/total/television/?id=183&u-link=1
主源,央视,河南,河南国学,网页,https://static.hntv.tv/total/television/?id=194&u-link=1,https://static.hntv.tv/total/television/?id=194&u-link=1
主源,央视,河南,郑州综合,网页,https://static.hntv.tv/total/television/?id=197&u-link=1,https://static.hntv.tv/total/television/?id=197&u-link=1
主源,央视,河南,开封综合,网页,https://static.hntv.tv/total/television/?id=198&u-link=1,https://static.hntv.tv/total/television/?id=198&u-link=1
主源,央视,河南,洛阳综合,网页,https://static.hntv.tv/total/television/?id=204&u-link=1,https://static.hntv.tv/total/television/?id=204&u-link=1
主源,央视,河南,平顶山综合,网页,https://static.hntv.tv/total/television/?id=205&u-link=1,https://static.hntv.tv/total/television/?id=205&u-link=1
主源,央视,河南,安阳综合,网页,https://static.hntv.tv/total/television/?id=206&u-link=1,https://static.hntv.tv/total/television/?id=206&u-link=1
主源,央视,河南,鹤壁综合,网页,https://static.hntv.tv/total/television/?id=207&u-link=1,https://static.hntv.tv/total/television/?id=207&u-link=1
主源,央视,河南,新乡综合,网页,https://static.hntv.tv/total/television/?id=208&u-link=1,https://static.hntv.tv/total/television/?id=208&u-link=1
主源,央视,河南,焦作综合,网页,https://static.hntv.tv/total/television/?id=209&u-link=1,https://static.hntv.tv/total/television/?id=209&u-link=1
主源,央视,河南,濮阳综合,网页,https://static.hntv.tv/total/television/?id=219&u-link=1,https://static.hntv.tv/total/television/?id=219&u-link=1
主源,央视,河南,许昌综合,网页,https://static.hntv.tv/total/television/?id=220&u-link=1,https://static.hntv.tv/total/television/?id=220&u-link=1
主源,央视,河南,漯河综合,网页,https://static.hntv.tv/total/television/?id=221&u-link=1,https://static.hntv.tv/total/television/?id=221&u-link=1
主源,央视,河南,三门峡综合,网页,https://static.hntv.tv/total/television/?id=222&u-link=1,https://static.hntv.tv/total/television/?id=222&u-link=1
主源,央视,河南,南阳综合,网页,https://static.hntv.tv/total/television/?id=223&u-link=1,https://static.hntv.tv/total/television/?id=223&u-link=1
主源,央视,河南,商丘综合,网页,https://static.hntv.tv/total/television/?id=224&u-link=1,https://static.hntv.tv/total/television/?id=224&u-link=1
主源,央视,河南,信阳综合,网页,https://static.hntv.tv/total/television/?id=225&u-link=1,https://static.hntv.tv/total/television/?id=225&u-link=1
主源,央视,河南,周口综合,网页,https://static.hntv.tv/total/television/?id=225&u-link=1,https://static.hntv.tv/total/television/?id=225&u-link=1
主源,央视,河南,驻马店综合,网页,https://static.hntv.tv/total/television/?id=227&u-link=1,https://static.hntv.tv/total/television/?id=227&u-link=1
主源,央视,河南,济源综合,网页,https://static.hntv.tv/total/television/?id=228&u-link=1,https://static.hntv.tv/total/television/?id=228&u-link=1
主源,央视,河南,信阳新闻综合,网页,https://www.xytv.cn/h5/pages/tv/detail?id=137,https://www.xytv.cn/h5/pages/tv/detail?id=137
主源,央视,河南,信阳文旅,网页,https://www.xytv.cn/h5/pages/tv/detail?id=138,https://www.xytv.cn/h5/pages/tv/detail?id=138
主源,央视,河南,开封新闻综合,网页,https://app.kftv.net.cn/tv?id=4576506160452924712&bundleID=8694949894473483736&type=1&tvType=1#,https://app.kftv.net.cn/tv?id=4576506160452924712&bundleID=8694949894473483736&type=1&tvType=1#
主源,央视,河南,开封文化旅游,网页,https://app.kftv.net.cn/tv?id=1373356224162401385&bundleID=8694949894473483736&type=1&tvType=1#,https://app.kftv.net.cn/tv?id=1373356224162401385&bundleID=8694949894473483736&type=1&tvType=1#
主源,央视,河南,安阳新闻综合,网页,https://share.aynews.net.cn/share/page/tvLive/?tvid=1&tvType=1&webTenId=1&origin=1,https://share.aynews.net.cn/share/page/tvLive/?tvid=1&tvType=1&webTenId=1&origin=1
主源,央视,河南,安阳文旅,网页,https://share.aynews.net.cn/share/page/tvLive/?tvid=3&tvType=1&webTenId=1&origin=1,https://share.aynews.net.cn/share/page/tvLive/?tvid=3&tvType=1&webTenId=1&origin=1
主源,央视,河南,焦作综合,网页,https://jiaozuo.dxhmt.cn/api/page/goLivePage?liveId=a15a6b9e3e1f435584f903641e85a975&personId=cbe111e3ca12486bb64ba9fc4ffe1c7b,https://jiaozuo.dxhmt.cn/api/page/goLivePage?liveId=a15a6b9e3e1f435584f903641e85a975&personId=cbe111e3ca12486bb64ba9fc4ffe1c7b
主源,央视,河南,焦作公共,网页,https://jiaozuo.dxhmt.cn/api/page/goLivePage?liveId=6a8a51398cf44ad28bb7808afdc94f4d&personId=cbe111e3ca12486bb64ba9fc4ffe1c7b,https://jiaozuo.dxhmt.cn/api/page/goLivePage?liveId=6a8a51398cf44ad28bb7808afdc94f4d&personId=cbe111e3ca12486bb64ba9fc4ffe1c7b
主源,央视,广西,广西旅游,网页,https://tv.gxtv.cn/channel/channelivePlay_f3335975f9fe11e88bcfe41f13b60c62.html,https://tv.gxtv.cn/channel/channelivePlay_f3335975f9fe11e88bcfe41f13b60c62.html
主源,央视,广西,广西都市,网页,https://tv.gxtv.cn/channel/channelivePlay_fdbaf085f9fe11e88bcfe41f13b60c62.html,https://tv.gxtv.cn/channel/channelivePlay_fdbaf085f9fe11e88bcfe41f13b60c62.html
主源,央视,广西,广西影视,网页,https://tv.gxtv.cn/channel/channelivePlay_5e923d82058e11e9ba67e41f13b60c62.html,https://tv.gxtv.cn/channel/channelivePlay_5e923d82058e11e9ba67e41f13b60c62.html
主源,央视,广西,广西新闻,网页,https://tv.gxtv.cn/channel/channelivePlay_9dfd8600075811e9ba67e41f13b60c62.html,https://tv.gxtv.cn/channel/channelivePlay_9dfd8600075811e9ba67e41f13b60c62.html
主源,央视,广西,广西国际,网页,https://tv.gxtv.cn/channel/channelivePlay_bfa17b64157f11e999f0e41f13b60c62.html,https://tv.gxtv.cn/channel/channelivePlay_bfa17b64157f11e999f0e41f13b60c62.html
主源,央视,广西,广西移动电视,网页,https://tv.gxtv.cn/channel/channelivePlay_78dbfd44e6b74ab687204d2d8113cbf5.html,https://tv.gxtv.cn/channel/channelivePlay_78dbfd44e6b74ab687204d2d8113cbf5.html
主源,央视,广西,南宁新闻综合,网页,https://www.nntv.cn/live/nntv_xw/,https://www.nntv.cn/live/nntv_xw/
主源,央视,广西,南宁文旅生活,网页,https://www.nntv.cn/live/nntv_ds/,https://www.nntv.cn/live/nntv_ds/
主源,央视,广西,南宁影视娱乐,网页,https://www.nntv.cn/live/nntv_ys/,https://www.nntv.cn/live/nntv_ys/
主源,央视,广西,南宁公共,网页,https://www.nntv.cn/live/nntv_gg/,https://www.nntv.cn/live/nntv_gg/
主源,央视,广西,桂林新闻综合,网页,https://guilinbcnew.zainanjing365.com/share/live/detailTv?resourceId=33&appscheme=gdmm-zaiguilin,https://guilinbcnew.zainanjing365.com/share/live/detailTv?resourceId=33&appscheme=gdmm-zaiguilin
主源,央视,广西,桂林科教旅游,网页,https://guilinbcnew.zainanjing365.com/share/live/detailTv?resourceId=35&appscheme=gdmm-zaiguilin,https://guilinbcnew.zainanjing365.com/share/live/detailTv?resourceId=35&appscheme=gdmm-zaiguilin
主源,央视,广西,桂林公共,网页,https://guilinbcnew.zainanjing365.com/share/live/detailTv?resourceId=34&appscheme=gdmm-zaiguilin,https://guilinbcnew.zainanjing365.com/share/live/detailTv?resourceId=34&appscheme=gdmm-zaiguilin
主源,央视,广西,北海新闻综合,抽流页(js),https://res.gxbhxww.cn/html/rft/live.html?channelId=389d764cf13244de97a30bc44161d235&type=1&siteId=c510269b15014be4aaf5aa6d2b92c629&shareAppId=c510269b15014be4aaf5aa6d2b92c629,https://res.gxbhxww.cn/html/rft/live.html?channelId=389d764cf13244de97a30bc44161d235&type=1&siteId=c510269b15014be4aaf5aa6d2b92c629&shareAppId=c510269b15014be4aaf5aa6d2b92c629
主源,央视,广西,北海经济科教,抽流页(js),https://res.gxbhxww.cn/html/rft/live.html?channelId=51733cd2fd0548d288c3015ec3d0535b&type=1&siteId=c510269b15014be4aaf5aa6d2b92c629&shareAppId=c510269b15014be4aaf5aa6d2b92c629,https://res.gxbhxww.cn/html/rft/live.html?channelId=51733cd2fd0548d288c3015ec3d0535b&type=1&siteId=c510269b15014be4aaf5aa6d2b92c629&shareAppId=c510269b15014be4aaf5aa6d2b92c629
主源,央视,广西,玉林新闻综合,网页,https://web.guangdianyun.tv/tv/3289?uin=4042,https://web.guangdianyun.tv/tv/3289?uin=4042
主源,央视,广西,玉林公共,网页,https://web.guangdianyun.tv/tv/3290?uin=4042,https://web.guangdianyun.tv/tv/3290?uin=4042
主源,央视,吉林,吉林卫视,网页,https://www.jlntv.cn/tv?tag=0,https://www.jlntv.cn/tv?tag=0
主源,央视,吉林,吉林都市,网页,https://www.jlntv.cn/tv?tag=1,https://www.jlntv.cn/tv?tag=1
主源,央视,吉林,吉林生活,网页,https://www.jlntv.cn/tv?tag=2,https://www.jlntv.cn/tv?tag=2
主源,央视,吉林,吉林影视,网页,https://www.jlntv.cn/tv?tag=3,https://www.jlntv.cn/tv?tag=3
主源,央视,吉林,吉林乡村,网页,https://www.jlntv.cn/tv?tag=4,https://www.jlntv.cn/tv?tag=4
主源,央视,吉林,吉林综艺·文化,网页,https://www.jlntv.cn/tv?tag=5,https://www.jlntv.cn/tv?tag=5
主源,央视,吉林,长春综合,网页,https://chinactv.com/live/1442880654565093377.html,https://chinactv.com/live/1442880654565093377.html
主源,央视,吉林,长春文旅体育,网页,https://chinactv.com/live/1442880767035355137.html,https://chinactv.com/live/1442880767035355137.html
主源,央视,吉林,长春市民生活,网页,https://chinactv.com/live/1442880854423678977.html,https://chinactv.com/live/1442880854423678977.html
主源,央视,吉林,延边卫视,网页,https://www.yb983.com/cys/index.html,https://www.yb983.com/cys/index.html
主源,央视,吉林,吉林市新闻综合,网页,http://new.jlwlq.com/wap/live/tv_xwzh.html,http://new.jlwlq.com/wap/live/tv_xwzh.html
主源,央视,吉林,四平新闻综合,网页,http://evfh-www.plus.jlntv.cn/siping/folder134/folder158,http://evfh-www.plus.jlntv.cn/siping/folder134/folder158
主源,央视,吉林,延边朝语综合,网页,https://www.iyb983.cn/live/index.html,https://www.iyb983.cn/live/index.html
主源,央视,黑龙江,黑龙江卫视,直连流(内嵌),live.html?url=https://idclive.hljtv.com:4430/live/hljws_own.m3u8,https://idclive.hljtv.com:4430/live/hljws_own.m3u8
主源,央视,黑龙江,黑龙江文体,直连流(内嵌),live.html?url=https://idclive.hljtv.com:4430/live/hljwy_hd.m3u8,https://idclive.hljtv.com:4430/live/hljwy_hd.m3u8
主源,央视,黑龙江,黑龙江影视,直连流(内嵌),live.html?url=https://idclive.hljtv.com:4430/live/hljys_hd.m3u8,https://idclive.hljtv.com:4430/live/hljys_hd.m3u8
主源,央视,黑龙江,黑龙江新闻法治,直连流(内嵌),live.html?url=https://idclive.hljtv.com:4430/live/hljxw_hd.m3u8,https://idclive.hljtv.com:4430/live/hljxw_hd.m3u8
主源,央视,黑龙江,黑龙江都市,直连流(内嵌),live.html?url=https://idclive.hljtv.com:4430/live/dushi_hd.m3u8,https://idclive.hljtv.com:4430/live/dushi_hd.m3u8
主源,央视,黑龙江,黑龙江农业·科技,直连流(内嵌),live.html?url=https://idclive.hljtv.com:4430/live/hljgg_hd.m3u8,https://idclive.hljtv.com:4430/live/hljgg_hd.m3u8
主源,央视,黑龙江,黑龙江少儿,直连流(内嵌),live.html?url=https://idclive.hljtv.com:4430/live/hljse_hd.m3u8,https://idclive.hljtv.com:4430/live/hljse_hd.m3u8
主源,央视,黑龙江,哈尔滨新闻综合,网页,https://www.hrbtv.net/folder79/folder81/,https://www.hrbtv.net/folder79/folder81/
主源,央视,黑龙江,哈尔滨生活,网页,https://www.hrbtv.net/folder79/folder85/,https://www.hrbtv.net/folder79/folder85/
主源,央视,黑龙江,哈尔滨影视,网页,https://www.hrbtv.net/folder79/folder87/,https://www.hrbtv.net/folder79/folder87/
主源,央视,黑龙江,齐齐哈尔新闻综合,网页,https://www.qqhrnews.cn/p/qiqihaerxinwen.html,https://www.qqhrnews.cn/p/qiqihaerxinwen.html
主源,央视,黑龙江,齐齐哈尔经济·法治,网页,https://www.qqhrnews.cn/p/jingjifazhipindao.html,https://www.qqhrnews.cn/p/jingjifazhipindao.html
主源,央视,黑龙江,绥化新闻综合,直连流(内嵌),live.html?url=https://liveplaysr.dbw.cn/lsdream/amzPoBP/1000/live.m3u8,https://liveplaysr.dbw.cn/lsdream/amzPoBP/1000/live.m3u8
主源,央视,湖北,湖北卫视,网页,https://news.hbtv.com.cn/app/tv/431,https://news.hbtv.com.cn/app/tv/431
主源,央视,湖北,湖北经视,网页,https://news.hbtv.com.cn/app/tv/432,https://news.hbtv.com.cn/app/tv/432
主源,央视,湖北,湖北综合,网页,https://news.hbtv.com.cn/app/tv/433,https://news.hbtv.com.cn/app/tv/433
主源,央视,湖北,湖北影视,网页,https://news.hbtv.com.cn/app/tv/435,https://news.hbtv.com.cn/app/tv/435
主源,央视,湖北,湖北生活,网页,https://news.hbtv.com.cn/app/tv/436,https://news.hbtv.com.cn/app/tv/436
主源,央视,湖北,湖北教育,网页,https://news.hbtv.com.cn/app/tv/437,https://news.hbtv.com.cn/app/tv/437
主源,央视,湖北,湖北垄上,网页,https://news.hbtv.com.cn/app/tv/438,https://news.hbtv.com.cn/app/tv/438
主源,央视,湖北,十堰新闻综合,网页,https://www.syiptv.com/tv?station_id=1,https://www.syiptv.com/tv?station_id=1
主源,央视,湖北,十堰经济旅游,网页,https://www.syiptv.com/tv?station_id=3,https://www.syiptv.com/tv?station_id=3
主源,央视,湖北,孝感新闻综合,网页,https://share.xgrb.cn/live_details?newsid=25009136_xgrb,https://share.xgrb.cn/live_details?newsid=25009136_xgrb
主源,央视,湖北,孝感生活,网页,https://share.xgrb.cn/live_detail?newsid=25009684_xgrb,https://share.xgrb.cn/live_detail?newsid=25009684_xgrb
主源,央视,湖北,荆州新闻综合,网页,http://m-jingzhou.cjyun.org/dszb,http://m-jingzhou.cjyun.org/dszb
主源,央视,湖北,咸宁综合,网页,https://app.cjyun.org.cn/video/videojs/index?site_id=10140&id=91&page=canvas&live_type=1&ujs=X3R2RnVuYy5mdWxsc2NyZWVuVygidmlkZW8iKQ==,https://app.cjyun.org.cn/video/videojs/index?site_id=10140&id=91&page=canvas&live_type=1&ujs=X3R2RnVuYy5mdWxsc2NyZWVuVygidmlkZW8iKQ==
主源,央视,湖北,咸宁经济生活,网页,https://app.cjyun.org.cn/video/videojs/index?site_id=10140&id=91&page=canvas&live_type=1&ujs=JCQoJy52aWRlby1saXN0IC5saScpLmZpbHRlcihmdW5jdGlvbigpIHtyZXR1cm4gJCh0aGlzKS50ZXh0KCkudHJpbSgpID09PSAn57uP5rWO55Sf5rS7Jzt9KS5jbGljaygpO190dkZ1bmMuZnVsbHNjcmVlblcoInZpZGVvIik=,https://app.cjyun.org.cn/video/videojs/index?site_id=10140&id=91&page=canvas&live_type=1&ujs=JCQoJy52aWRlby1saXN0IC5saScpLmZpbHRlcihmdW5jdGlvbigpIHtyZXR1cm4gJCh0aGlzKS50ZXh0KCkudHJpbSgpID09PSAn57uP5rWO55Sf5rS7Jzt9KS5jbGljaygpO190dkZ1bmMuZnVsbHNjcmVlblcoInZpZGVvIik=
主源,央视,湖北,宜昌三峡综合,直连流(内嵌),live.html?url=https://liveplay.ycrmt.cn/sxgd/zhpd.m3u8,https://liveplay.ycrmt.cn/sxgd/zhpd.m3u8
主源,央视,湖北,宜昌三峡旅游生活,直连流(内嵌),live.html?url=https://liveplay.ycrmt.cn/sxgd/lysh.m3u8,https://liveplay.ycrmt.cn/sxgd/lysh.m3u8
主源,央视,湖北,荆门新闻综合,网页,http://cjy.jptnews.cn/p/353048.html,http://cjy.jptnews.cn/p/353048.html
主源,央视,湖北,荆门科教文旅,网页,http://cjy.jptnews.cn/p/353049.html,http://cjy.jptnews.cn/p/353049.html
主源,央视,湖北,襄阳综合,网页,https://xiangyang.cjyun.org/app/streamradio/142?u-link=1,https://xiangyang.cjyun.org/app/streamradio/142?u-link=1
主源,央视,湖北,襄阳经济生活,网页,https://xiangyang.cjyun.org/app/streamradio/138?u-link=1,https://xiangyang.cjyun.org/app/streamradio/138?u-link=1
主源,央视,湖北,襄阳公共,网页,https://xiangyang.cjyun.org/app/streamradio/130?u-link=1,https://xiangyang.cjyun.org/app/streamradio/130?u-link=1
主源,央视,湖北,随州综合,网页,http://m-suizhou.cjyun.org/dsgb?20220318,http://m-suizhou.cjyun.org/dsgb?20220318
主源,央视,湖北,随州农村,网页,http://m-suizhou.cjyun.org/dsgb?20220318&ujs=JCQoJyN2aWRlb193cmFwIGxpJykuZmlsdGVyKGZ1bmN0aW9uKCkge3JldHVybiAkJCh0aGlzKS50ZXh0KCkudHJpbSgpID09PSAn6ZqP5bee5Yac5p2RJzt9KS5jbGljaygpOw==,http://m-suizhou.cjyun.org/dsgb?20220318&ujs=JCQoJyN2aWRlb193cmFwIGxpJykuZmlsdGVyKGZ1bmN0aW9uKCkge3JldHVybiAkJCh0aGlzKS50ZXh0KCkudHJpbSgpID09PSAn6ZqP5bee5Yac5p2RJzt9KS5jbGljaygpOw==
主源,央视,湖北,恩施文旅,网页,https://web.guangdianyun.tv/tv/1811?uin=3179,https://web.guangdianyun.tv/tv/1811?uin=3179
主源,央视,湖南,湖南经视,网页,https://www.mgtv.com/live/?tag=湖南经视,https://www.mgtv.com/live/?tag=湖南经视
主源,央视,湖南,湖南娱乐,网页,https://www.mgtv.com/live/?tag=湖南娱乐,https://www.mgtv.com/live/?tag=湖南娱乐
主源,央视,湖南,湖南电影,网页,https://www.mgtv.com/live/?tag=湖南电影,https://www.mgtv.com/live/?tag=湖南电影
主源,央视,湖南,湖南都市,网页,https://www.mgtv.com/live/?tag=湖南都市,https://www.mgtv.com/live/?tag=湖南都市
主源,央视,湖南,湖南电视剧,网页,https://www.mgtv.com/live/?tag=湖南电视剧,https://www.mgtv.com/live/?tag=湖南电视剧
主源,央视,湖南,金鹰纪实,网页,https://www.mgtv.com/live/?tag=金鹰纪实,https://www.mgtv.com/live/?tag=金鹰纪实
主源,央视,湖南,湖南爱晚,网页,https://www.mgtv.com/live/?tag=湖南爱晚,https://www.mgtv.com/live/?tag=湖南爱晚
主源,央视,湖南,国际频道,网页,https://www.mgtv.com/live/?tag=国际频道,https://www.mgtv.com/live/?tag=国际频道
主源,央视,湖南,先锋乒羽,网页,https://www.mgtv.com/live/?tag=先锋乒羽,https://www.mgtv.com/live/?tag=先锋乒羽
主源,央视,湖南,茶频道,网页,https://www.mgtv.com/live/?tag=茶频道,https://www.mgtv.com/live/?tag=茶频道
主源,央视,湖南,快乐垂钓,网页,https://www.mgtv.com/live/?tag=快乐垂钓,https://www.mgtv.com/live/?tag=快乐垂钓
主源,央视,湖南,长沙新闻综合,网页,https://www.mgtv.com/live/?tag=长沙新闻综合,https://www.mgtv.com/live/?tag=长沙新闻综合
主源,央视,湖南,长沙政法,网页,https://www.mgtv.com/live/?tag=长沙政法,https://www.mgtv.com/live/?tag=长沙政法
主源,央视,湖南,湘西新闻综合,网页,https://web.guangdianyun.tv/tv/2581?uin=3815&aid=17hnxxz&pt=2&fxbs=1,https://web.guangdianyun.tv/tv/2581?uin=3815&aid=17hnxxz&pt=2&fxbs=1
主源,央视,湖南,湘西文化旅游,网页,https://web.guangdianyun.tv/tv/2582?uin=3815&aid=17hnxxz&pt=2&fxbs=1,https://web.guangdianyun.tv/tv/2582?uin=3815&aid=17hnxxz&pt=2&fxbs=1
主源,央视,湖南,长沙新闻综合,网页,https://web.guangdianyun.tv/tv/346?uin=1648&userSource=weixin,https://web.guangdianyun.tv/tv/346?uin=1648&userSource=weixin
主源,央视,湖南,长沙文旅,网页,https://web.guangdianyun.tv/tv/3830?uin=1648&userSource=weixin,https://web.guangdianyun.tv/tv/3830?uin=1648&userSource=weixin
主源,央视,湖南,长沙移动电视,网页,https://web.guangdianyun.tv/tv/356?uin=1648&userSource=weixin,https://web.guangdianyun.tv/tv/356?uin=1648&userSource=weixin
主源,央视,湖南,邵阳新闻综合,网页,http://www.sytv.net.cn/folder2188/folder2190,http://www.sytv.net.cn/folder2188/folder2190
主源,央视,湖南,岳阳新闻综合,网页,https://web.guangdianyun.tv/tv/1699?uin=2193,https://web.guangdianyun.tv/tv/1699?uin=2193
主源,央视,湖南,岳阳文旅都市,网页,https://web.guangdianyun.tv/tv/1701?uin=2193,https://web.guangdianyun.tv/tv/1701?uin=2193
主源,央视,湖南,娄底综合,网页,http://www.ldntv.cn/folder51/folder154/folder171,http://www.ldntv.cn/folder51/folder154/folder171
主源,央视,湖南,郴州综合,网页,https://www.ngcz.tv/folder83/folder86,https://www.ngcz.tv/folder83/folder86
主源,央视,江西,江西卫视,网页,https://www.jxntv.cn/live/?tag=1#/jxtv1,https://www.jxntv.cn/live/?tag=1#/jxtv1
主源,央视,江西,江西都市,网页,https://www.jxntv.cn/live/?tag=1#/jxtv2,https://www.jxntv.cn/live/?tag=1#/jxtv2
主源,央视,江西,江西经济生活,网页,https://www.jxntv.cn/live/?tag=2#/jxtv3,https://www.jxntv.cn/live/?tag=2#/jxtv3
主源,央视,江西,江西影视,网页,https://www.jxntv.cn/live/?tag=3#/jxtv4,https://www.jxntv.cn/live/?tag=3#/jxtv4
主源,央视,江西,江西农业,网页,https://www.jxntv.cn/live/?tag=4#/jxtv5,https://www.jxntv.cn/live/?tag=4#/jxtv5
主源,央视,江西,江西新闻,网页,https://www.jxntv.cn/live/?tag=6#/jxtv7,https://www.jxntv.cn/live/?tag=6#/jxtv7
主源,央视,江西,江西移动,网页,https://www.jxntv.cn/live/?tag=7#/jxtv8,https://www.jxntv.cn/live/?tag=7#/jxtv8
主源,央视,江西,江西陶瓷,网页,https://www.jxntv.cn/live/?tag=8#/jxtv9,https://www.jxntv.cn/live/?tag=8#/jxtv9
主源,央视,江西,宜春新闻综合,网页,https://h5-yc.newsyc.com/front-cloudlive-manage-h5/index.html?id=610897459610271744&company_id=397#/,https://h5-yc.newsyc.com/front-cloudlive-manage-h5/index.html?id=610897459610271744&company_id=397#/
主源,央视,江西,宜春法治·民生,网页,https://h5-yc.newsyc.com/front-cloudlive-manage-h5/index.html?id=636127231831396352&company_id=397#/,https://h5-yc.newsyc.com/front-cloudlive-manage-h5/index.html?id=636127231831396352&company_id=397#/
主源,央视,新疆,新疆1套,网页,https://www.xjtvs.com.cn/column/tv/434?channelId=1,https://www.xjtvs.com.cn/column/tv/434?channelId=1
主源,央视,新疆,新疆2套,网页,https://www.xjtvs.com.cn/column/tv/434?channelId=3,https://www.xjtvs.com.cn/column/tv/434?channelId=3
主源,央视,新疆,新疆3套,网页,https://www.xjtvs.com.cn/column/tv/434?channelId=4,https://www.xjtvs.com.cn/column/tv/434?channelId=4
主源,央视,新疆,新疆4套,网页,https://www.xjtvs.com.cn/column/tv/434?channelId=16,https://www.xjtvs.com.cn/column/tv/434?channelId=16
主源,央视,新疆,新疆5套,网页,https://www.xjtvs.com.cn/column/tv/434?channelId=17,https://www.xjtvs.com.cn/column/tv/434?channelId=17
主源,央视,新疆,新疆7套,网页,https://www.xjtvs.com.cn/column/tv/434?channelId=21,https://www.xjtvs.com.cn/column/tv/434?channelId=21
主源,央视,新疆,新疆8套,网页,https://www.xjtvs.com.cn/column/tv/434?channelId=23,https://www.xjtvs.com.cn/column/tv/434?channelId=23
主源,央视,新疆,新建兵团卫视,网页,https://www.btzx.com.cn/2024new/new_zhibo/index.shtml,https://www.btzx.com.cn/2024new/new_zhibo/index.shtml
主源,央视,新疆,八师石河子新闻综合,网页,http://www.shznews.com/TV.html,http://www.shznews.com/TV.html
主源,央视,新疆,克拉玛依汉语综合,直连流(内嵌),live.html?url=https://klmysjtzb.rcsxzx.com/hls/klmy1.m3u8,https://klmysjtzb.rcsxzx.com/hls/klmy1.m3u8
主源,央视,新疆,克拉玛依维语综合,直连流(内嵌),live.html?url=https://klmysjtzb.rcsxzx.com/hls/klmy2.m3u8,https://klmysjtzb.rcsxzx.com/hls/klmy2.m3u8
主源,央视,新疆,克拉玛依文化影视,直连流(内嵌),live.html?url=https://klmysjtzb.rcsxzx.com/hls/klmy3.m3u8,https://klmysjtzb.rcsxzx.com/hls/klmy3.m3u8
主源,央视,新疆,哈密汉语综合,直连流(内嵌),live.html?url=https://tvpull.hmgbtv.com/hmtv/channel9cd66b3d5d258b2b/playlist.m3u8,https://tvpull.hmgbtv.com/hmtv/channel9cd66b3d5d258b2b/playlist.m3u8
主源,央视,新疆,哈密维语综合,直连流(内嵌),live.html?url=https://tvpull.hmgbtv.com/hmtv/channel108259412c6a6711/playlist.m3u8,https://tvpull.hmgbtv.com/hmtv/channel108259412c6a6711/playlist.m3u8
主源,央视,新疆,哈密影视文艺,直连流(内嵌),live.html?url=https://tvpull.hmgbtv.com/hmtv/channelfb0e5c505477aa44/playlist.m3u8,https://tvpull.hmgbtv.com/hmtv/channelfb0e5c505477aa44/playlist.m3u8
主源,央视,甘肃,甘肃卫视,直连流(内嵌),live.html?url=https://hls.gstv.com.cn/skt649/nd6ycc.m3u8,https://hls.gstv.com.cn/skt649/nd6ycc.m3u8
主源,央视,甘肃,甘肃文化影视,直连流(内嵌),live.html?url=https://hls.gstv.com.cn/skt649/z6znm4.m3u8,https://hls.gstv.com.cn/skt649/z6znm4.m3u8
主源,央视,甘肃,甘肃公共应急,直连流(内嵌),live.html?url=https://hls.gstv.com.cn/skt649/j8x8ga.m3u8,https://hls.gstv.com.cn/skt649/j8x8ga.m3u8
主源,央视,甘肃,甘肃少儿频道,直连流(内嵌),live.html?url=https://hls.gstv.com.cn/skt649/ys1xzs.m3u8,https://hls.gstv.com.cn/skt649/ys1xzs.m3u8
主源,央视,甘肃,甘肃科教频道,直连流(内嵌),live.html?url=https://hls.gstv.com.cn/skt649/e2a4gl.m3u8,https://hls.gstv.com.cn/skt649/e2a4gl.m3u8
主源,央视,甘肃,甘肃移动电视,直连流(内嵌),live.html?url=https://hls.gstv.com.cn/skt649/w07at3.m3u8,https://hls.gstv.com.cn/skt649/w07at3.m3u8
主源,央视,甘肃,兰州新闻综合,网页,https://lanzhoubcnew.zainanjing365.com/share/live/detailTv?resourceId=12&appscheme=gdmm-ailanzhou,https://lanzhoubcnew.zainanjing365.com/share/live/detailTv?resourceId=12&appscheme=gdmm-ailanzhou
主源,央视,甘肃,兰州文旅,网页,https://lanzhoubcnew.zainanjing365.com/share/live/detailTv?resourceId=14&appscheme=gdmm-ailanzhou,https://lanzhoubcnew.zainanjing365.com/share/live/detailTv?resourceId=14&appscheme=gdmm-ailanzhou
主源,央视,甘肃,陇南综合,直连流(内嵌),live.html?url=https://play.kankanlive.com/live/1709171819929902.m3u8,https://play.kankanlive.com/live/1709171819929902.m3u8
主源,央视,甘肃,陇南公共,直连流(内嵌),live.html?url=https://play.kankanlive.com/live/1709171893138901.m3u8,https://play.kankanlive.com/live/1709171893138901.m3u8
主源,央视,甘肃,白银综合,直连流(内嵌),live.html?url=https://play.kankanlive.com/live/1720408089419110.m3u8,https://play.kankanlive.com/live/1720408089419110.m3u8
主源,央视,甘肃,白银文化教育,直连流(内嵌),live.html?url=https://play.kankanlive.com/live/1720408280309109.m3u8,https://play.kankanlive.com/live/1720408280309109.m3u8
主源,央视,甘肃,定西综合,直连流(内嵌),live.html?url=http://play.kankanlive.com/live/1745232061100288.m3u8,http://play.kankanlive.com/live/1745232061100288.m3u8
主源,央视,甘肃,定西文旅生活,直连流(内嵌),live.html?url=http://play.kankanlive.com/live/1745232082475287.m3u8,http://play.kankanlive.com/live/1745232082475287.m3u8
主源,央视,甘肃,平凉新闻综合,直连流(内嵌),live.html?url=https://play.kankanlive.com/live/1694661314645984.m3u8,https://play.kankanlive.com/live/1694661314645984.m3u8
主源,央视,宁夏,宁夏卫视,直连流(内嵌),live.html?url=https://hls.ningxiahuangheyun.com/live/nxws1M.m3u8,https://hls.ningxiahuangheyun.com/live/nxws1M.m3u8
主源,央视,宁夏,宁夏公共,直连流(内嵌),live.html?url=https://hls.ningxiahuangheyun.com/live/nxgg1M.m3u8,https://hls.ningxiahuangheyun.com/live/nxgg1M.m3u8
主源,央视,宁夏,宁夏经济,直连流(内嵌),live.html?url=https://hls.ningxiahuangheyun.com/live/nxjj1M.m3u8,https://hls.ningxiahuangheyun.com/live/nxjj1M.m3u8
主源,央视,宁夏,宁夏文旅,直连流(内嵌),live.html?url=https://hls.ningxiahuangheyun.com/live/nxwl1M.m3u8,https://hls.ningxiahuangheyun.com/live/nxwl1M.m3u8
主源,央视,宁夏,宁夏少儿,直连流(内嵌),live.html?url=https://hls.ningxiahuangheyun.com/live/nxse1M.m3u8,https://hls.ningxiahuangheyun.com/live/nxse1M.m3u8
主源,央视,宁夏,银川公共,网页,https://www.qukanvideo.com/cloud/h5/1731639141671136?utaot=1,https://www.qukanvideo.com/cloud/h5/1731639141671136?utaot=1
主源,央视,宁夏,银川生活,网页,https://www.qukanvideo.com/cloud/h5/1731638744888001?utaot=1,https://www.qukanvideo.com/cloud/h5/1731638744888001?utaot=1
主源,央视,宁夏,银川文体,网页,https://www.qukanvideo.com/cloud/h5/1728443786945132?utaot=1,https://www.qukanvideo.com/cloud/h5/1728443786945132?utaot=1
主源,央视,宁夏,石嘴山综合,网页,https://jrszs.szsnews.com/application/tenma01zx_eqlil/view/h5/index.html#/pages/artical/detail?id=336405&infoType=1&timestamp=1757849532239,https://jrszs.szsnews.com/application/tenma01zx_eqlil/view/h5/index.html#/pages/artical/detail?id=336405&infoType=1&timestamp=1757849532239
主源,央视,宁夏,石嘴山公共,网页,https://jrszs.szsnews.com/application/tenma01zx_eqlil/view/h5/index.html#/pages/artical/detail?id=336406&infoType=1&timestamp=1757849613110,https://jrszs.szsnews.com/application/tenma01zx_eqlil/view/h5/index.html#/pages/artical/detail?id=336406&infoType=1&timestamp=1757849613110
主源,央视,内蒙古,内蒙古卫视,网页,https://www.nmtv.cn/liveTv?tag=内蒙古卫视,https://www.nmtv.cn/liveTv?tag=内蒙古卫视
主源,央视,内蒙古,内蒙古新闻综合,网页,https://www.nmtv.cn/liveTv?tag=新闻综合,https://www.nmtv.cn/liveTv?tag=新闻综合
主源,央视,内蒙古,内蒙古经济生活,网页,https://www.nmtv.cn/liveTv?tag=经济生活,https://www.nmtv.cn/liveTv?tag=经济生活
主源,央视,内蒙古,内蒙古文体娱乐,网页,https://www.nmtv.cn/liveTv?tag=文体娱乐,https://www.nmtv.cn/liveTv?tag=文体娱乐
主源,央视,内蒙古,内蒙古农牧,网页,https://www.nmtv.cn/liveTv?tag=农牧频道,https://www.nmtv.cn/liveTv?tag=农牧频道
主源,央视,内蒙古,内蒙古蒙语卫视,网页,https://www.nmtv.cn/liveTv?tag=内蒙古蒙古语卫视,https://www.nmtv.cn/liveTv?tag=内蒙古蒙古语卫视
主源,央视,内蒙古,内蒙古蒙语文化,网页,https://www.nmtv.cn/liveTv?tag=内蒙古蒙古语文化,https://www.nmtv.cn/liveTv?tag=内蒙古蒙古语文化
主源,央视,内蒙古,呼和浩特新闻综合,网页,https://www.nmtv.cn/liveTv?tag=呼和浩特,https://www.nmtv.cn/liveTv?tag=呼和浩特
主源,央视,内蒙古,包头新闻综合,网页,https://www.nmtv.cn/liveTv?tag=包头,https://www.nmtv.cn/liveTv?tag=包头
主源,央视,内蒙古,乌海新闻综合,网页,https://www.nmtv.cn/liveTv?tag=乌海,https://www.nmtv.cn/liveTv?tag=乌海
主源,央视,内蒙古,赤峰新闻综合,网页,https://www.nmtv.cn/liveTv?tag=赤峰,https://www.nmtv.cn/liveTv?tag=赤峰
主源,央视,内蒙古,呼伦贝尔新闻综合,网页,https://www.nmtv.cn/liveTv?tag=呼伦贝尔,https://www.nmtv.cn/liveTv?tag=呼伦贝尔
主源,央视,内蒙古,兴安盟新闻综合,网页,https://www.nmtv.cn/liveTv?tag=兴安盟,https://www.nmtv.cn/liveTv?tag=兴安盟
主源,央视,内蒙古,通辽新闻综合,网页,https://www.nmtv.cn/liveTv?tag=通辽,https://www.nmtv.cn/liveTv?tag=通辽
主源,央视,内蒙古,锡林郭勒新闻综合,网页,https://www.nmtv.cn/liveTv?tag=锡林郭勒,https://www.nmtv.cn/liveTv?tag=锡林郭勒
主源,央视,内蒙古,阿拉善新闻综合,网页,https://www.nmtv.cn/liveTv?tag=阿拉善,https://www.nmtv.cn/liveTv?tag=阿拉善
主源,央视,内蒙古,鄂尔多斯新闻综合,网页,https://www.nmtv.cn/liveTv?tag=鄂尔多斯,https://www.nmtv.cn/liveTv?tag=鄂尔多斯
主源,央视,内蒙古,巴彦淖尔新闻综合,网页,https://www.nmtv.cn/liveTv?tag=巴彦淖尔,https://www.nmtv.cn/liveTv?tag=巴彦淖尔
主源,央视,内蒙古,乌兰察布新闻综合,网页,https://www.nmtv.cn/liveTv?tag=乌兰察布,https://www.nmtv.cn/liveTv?tag=乌兰察布
主源,央视,内蒙古,乌海都市生活,网页,https://app.wuhainews.org.cn/folder17/share/live/?channel_id=9,https://app.wuhainews.org.cn/folder17/share/live/?channel_id=9
主源,央视,内蒙古,赤峰经济服务,网页,http://h5.cfrmw.cn/front-cloudlive-manage-h5/index.html?id=722728110696456192&company_id=1073#/,http://h5.cfrmw.cn/front-cloudlive-manage-h5/index.html?id=722728110696456192&company_id=1073#/
主源,央视,内蒙古,赤峰影视娱乐,网页,http://h5.cfrmw.cn/front-cloudlive-manage-h5/index.html?id=722728404075438080&company_id=1073#/,http://h5.cfrmw.cn/front-cloudlive-manage-h5/index.html?id=722728404075438080&company_id=1073#/
主源,央视,内蒙古,乌兰察布经济生活,抽流页(js),https://res.wrbtv.cn/html/rft/live.html?channelId=f5c8509c3b7b4c76b691d1863be29d27&type=1&siteId=82dcdad6b80b4f2d8a13067e5fce2e7a&shareAppId=82dcdad6b80b4f2d8a13067e5fce2e7a,https://res.wrbtv.cn/html/rft/live.html?channelId=f5c8509c3b7b4c76b691d1863be29d27&type=1&siteId=82dcdad6b80b4f2d8a13067e5fce2e7a&shareAppId=82dcdad6b80b4f2d8a13067e5fce2e7a
主源,央视,西藏,拉萨藏语综合,直连流(内嵌),live.html?url=https://tvfile.lasatv.cn/nmip-media/channellive/channel104335/playlist.m3u8,https://tvfile.lasatv.cn/nmip-media/channellive/channel104335/playlist.m3u8
主源,央视,西藏,拉萨综合,直连流(内嵌),live.html?url=https://tvfile.lasatv.cn/nmip-media/channellive/channel101894/playlist.m3u8,https://tvfile.lasatv.cn/nmip-media/channellive/channel101894/playlist.m3u8
主源,央视,西藏,拉萨文化旅游,直连流(内嵌),live.html?url=https://tvfile.lasatv.cn/nmip-media/channellive/channel103157/playlist.m3u8,https://tvfile.lasatv.cn/nmip-media/channellive/channel103157/playlist.m3u8
主源,央视,西藏,日喀则汉语,直连流(内嵌),live.html?url=https://console.rkzrm.cn:20323/4.m3u8,https://console.rkzrm.cn:20323/4.m3u8
主源,央视,西藏,日喀则藏语,直连流(内嵌),live.html?url=https://console.rkzrm.cn:20323/8.m3u8,https://console.rkzrm.cn:20323/8.m3u8
主源,央视,海南,海南卫视,网页,https://service-app.hnntv.cn/AppEngine/appinfo/STHaiNan/share.html?userId=1&appId=STHaiNan&userId=1&channelId=13,https://service-app.hnntv.cn/AppEngine/appinfo/STHaiNan/share.html?userId=1&appId=STHaiNan&userId=1&channelId=13
主源,央视,海南,三沙卫视,网页,https://service-app.hnntv.cn/AppEngine/appinfo/STHaiNan/share.html?userId=1&appId=STHaiNan&userId=1&channelId=5,https://service-app.hnntv.cn/AppEngine/appinfo/STHaiNan/share.html?userId=1&appId=STHaiNan&userId=1&channelId=5
主源,央视,海南,海南自贸,网页,https://service-app.hnntv.cn/AppEngine/appinfo/STHaiNan/share.html?userId=1&appId=STHaiNan&userId=1&channelId=1,https://service-app.hnntv.cn/AppEngine/appinfo/STHaiNan/share.html?userId=1&appId=STHaiNan&userId=1&channelId=1
主源,央视,海南,海南新闻,网页,https://service-app.hnntv.cn/AppEngine/appinfo/STHaiNan/share.html?userId=1&appId=STHaiNan&userId=1&channelId=3,https://service-app.hnntv.cn/AppEngine/appinfo/STHaiNan/share.html?userId=1&appId=STHaiNan&userId=1&channelId=3
主源,央视,海南,海南公共,网页,https://service-app.hnntv.cn/AppEngine/appinfo/STHaiNan/share.html?userId=1&appId=STHaiNan&userId=1&channelId=4,https://service-app.hnntv.cn/AppEngine/appinfo/STHaiNan/share.html?userId=1&appId=STHaiNan&userId=1&channelId=4
主源,央视,海南,海南文旅,网页,https://service-app.hnntv.cn/AppEngine/appinfo/STHaiNan/share.html?userId=1&appId=STHaiNan&userId=1&channelId=6,https://service-app.hnntv.cn/AppEngine/appinfo/STHaiNan/share.html?userId=1&appId=STHaiNan&userId=1&channelId=6
主源,央视,海南,海口综合,网页,https://hkbtv.cn/h5/#/pagesVideo/tvDetail?articleType=1&id=6414658595168719921&publishType=2,https://hkbtv.cn/h5/#/pagesVideo/tvDetail?articleType=1&id=6414658595168719921&publishType=2
主源,央视,海南,海口生活娱乐,网页,https://hkbtv.cn/h5/#/pagesVideo/tvDetail?articleType=1&id=6414658595168719192&publishType=2,https://hkbtv.cn/h5/#/pagesVideo/tvDetail?articleType=1&id=6414658595168719192&publishType=2
主源,央视,海南,海口城乡经济,网页,https://hkbtv.cn/h5/#/pagesVideo/tvDetail?articleType=1&id=6414658595168719922&publishType=2,https://hkbtv.cn/h5/#/pagesVideo/tvDetail?articleType=1&id=6414658595168719922&publishType=2
主源,央视,海南,儋州综合,网页,https://web.guangdianyun.tv/tv/1330?uin=1669,https://web.guangdianyun.tv/tv/1330?uin=1669
主源,央视,贵州,贵州卫视,网页,https://www.gzstv.com/tv/ch01?utao=1,https://www.gzstv.com/tv/ch01?utao=1
主源,央视,贵州,贵州公共,网页,https://www.gzstv.com/tv/ch02?utao=1,https://www.gzstv.com/tv/ch02?utao=1
主源,央视,贵州,贵州影视文艺,网页,https://www.gzstv.com/tv/ch03?utao=1,https://www.gzstv.com/tv/ch03?utao=1
主源,央视,贵州,贵州大众生活,网页,https://www.gzstv.com/tv/ch04?utao=1,https://www.gzstv.com/tv/ch04?utao=1
主源,央视,贵州,贵州生态·乡村,网页,https://www.gzstv.com/tv/ch05?utao=1,https://www.gzstv.com/tv/ch05?utao=1
主源,央视,贵州,贵州科教健康,网页,https://www.gzstv.com/tv/ch06?utao=1,https://www.gzstv.com/tv/ch06?utao=1
主源,央视,贵州,贵州移动电视,网页,https://www.gzstv.com/tv/ch13?utao=1,https://www.gzstv.com/tv/ch13?utao=1
主源,央视,贵州,黔南新闻综合,网页,http://m.qntv.net/cms-tv,http://m.qntv.net/cms-tv
主源,央视,贵州,安顺新闻综合,网页,https://www.gzastv.cn/live/live.shtml,https://www.gzastv.cn/live/live.shtml
主源,央视,青海,青海卫视,网页,https://h5.qhbtv.com.cn/front-cloudlive-manage-h5/index.html?id=786181204964564992&company_id=1075&utaot=1,https://h5.qhbtv.com.cn/front-cloudlive-manage-h5/index.html?id=786181204964564992&company_id=1075&utaot=1
主源,央视,青海,青海经视,网页,https://h5.qhbtv.com.cn/front-cloudlive-manage-h5/index.html?id=786227316454875136&company_id=1075&utaot=1,https://h5.qhbtv.com.cn/front-cloudlive-manage-h5/index.html?id=786227316454875136&company_id=1075&utaot=1
主源,央视,青海,青海都市,网页,https://h5.qhbtv.com.cn/front-cloudlive-manage-h5/index.html?id=786227009616371712&company_id=1075&utaot=1,https://h5.qhbtv.com.cn/front-cloudlive-manage-h5/index.html?id=786227009616371712&company_id=1075&utaot=1
主源,央视,青海,西宁新闻综合,网页,https://xiningbcnew.zainanjing365.com/share/live/detailTv?resourceId=5&appscheme=gdmm-zhangshangxining,https://xiningbcnew.zainanjing365.com/share/live/detailTv?resourceId=5&appscheme=gdmm-zhangshangxining
主源,央视,青海,西宁生活服务,网页,https://xiningbcnew.zainanjing365.com/share/live/detailTv?resourceId=6&appscheme=gdmm-zhangshangxining,https://xiningbcnew.zainanjing365.com/share/live/detailTv?resourceId=6&appscheme=gdmm-zhangshangxining
主源,央视,云南,云南卫视,抽流页(js),https://www.yntv.cn/mobile/live.html,https://www.yntv.cn/mobile/live.html
主源,央视,云南,云南都市,抽流页(js),https://www.yntv.cn/mobile/live.html?ujs=JCQoIiN5dW5uYW5kdXNoaSIpLmNsaWNrKCk=,https://www.yntv.cn/mobile/live.html?ujs=JCQoIiN5dW5uYW5kdXNoaSIpLmNsaWNrKCk=
主源,央视,云南,云南娱乐,抽流页(js),https://www.yntv.cn/mobile/live.html?ujs=JCQoIiN5dW5uYW55dWxlIikuY2xpY2soKQ==,https://www.yntv.cn/mobile/live.html?ujs=JCQoIiN5dW5uYW55dWxlIikuY2xpY2soKQ==
主源,央视,云南,云南康旅,抽流页(js),https://www.yntv.cn/mobile/live.html?ujs=JCQoIiN5dW5uYW5nb25nZ29uZyIpLmNsaWNrKCk=,https://www.yntv.cn/mobile/live.html?ujs=JCQoIiN5dW5uYW5nb25nZ29uZyIpLmNsaWNrKCk=
主源,央视,云南,云南少儿,抽流页(js),https://www.yntv.cn/mobile/live.html?ujs=JCQoIiN5dW5uYW5zaGFvZXIiKS5jbGljaygp,https://www.yntv.cn/mobile/live.html?ujs=JCQoIiN5dW5uYW5zaGFvZXIiKS5jbGljaygp
主源,央视,云南,澜湄国际,抽流页(js),https://www.yntv.cn/mobile/live.html?ujs=JCQoIiN5dW5uYW5ndW9qaSIpLmNsaWNrKCk=,https://www.yntv.cn/mobile/live.html?ujs=JCQoIiN5dW5uYW5ndW9qaSIpLmNsaWNrKCk=
主源,央视,云南,丽江新闻综合,网页,https://www.lijiang.cn/live/,https://www.lijiang.cn/live/
主源,央视,云南,普洱新闻综合,网页,https://www.puerw.cn/col1992.html,https://www.puerw.cn/col1992.html
主源,央视,云南,临沧新闻综合,网页,https://mtydazzle.yntv.cn/pages/liveDetails/detail.html/?companyId=lincang&_id=5f51fa40e4b04f16d0288832&isTest=no,https://mtydazzle.yntv.cn/pages/liveDetails/detail.html/?companyId=lincang&_id=5f51fa40e4b04f16d0288832&isTest=no
主源,央视,云南,临沧科教,网页,https://mtydazzle.yntv.cn/pages/liveDetails/detail.html/?companyId=lincang&_id=5f51f80ee4b04f16d0288801&isTest=no,https://mtydazzle.yntv.cn/pages/liveDetails/detail.html/?companyId=lincang&_id=5f51f80ee4b04f16d0288801&isTest=no
主源,央视,云南,西双版纳新闻综合,直连流(内嵌),live.html?url=https://channellive.xsbnw.cn/default/nmip-media/channellive/channel112526/playlist.m3u8,https://channellive.xsbnw.cn/default/nmip-media/channellive/channel112526/playlist.m3u8
主源,央视,云南,西双版纳文化旅游,直连流(内嵌),live.html?url=https://channellive.xsbnw.cn/default/nmip-media/channellive/channel112694/playlist.m3u8,https://channellive.xsbnw.cn/default/nmip-media/channellive/channel112694/playlist.m3u8
主源,央视,云南,红河新闻综合,网页,https://www.hh.cn/ynhhzMini/site/tv,https://www.hh.cn/ynhhzMini/site/tv
主源,央视,陕西,陕西卫视,网页,http://live.snrtv.com/star,http://live.snrtv.com/star
主源,央视,陕西,农林卫视,网页,http://live.snrtv.com/nl,http://live.snrtv.com/nl
主源,央视,陕西,陕西新闻资讯,网页,http://live.snrtv.com/1,http://live.snrtv.com/1
主源,央视,陕西,陕西都市青春,网页,http://live.snrtv.com/2,http://live.snrtv.com/2
主源,央视,陕西,陕西银龄,网页,http://live.snrtv.com/3,http://live.snrtv.com/3
主源,央视,陕西,陕西秦腔,网页,http://live.snrtv.com/5,http://live.snrtv.com/5
主源,央视,陕西,陕西体育休闲,网页,http://live.snrtv.com/7,http://live.snrtv.com/7
主源,央视,陕西,陕西移动电视,网页,http://www.sxtvs.com/sxtvs_ydpd/index.html,http://www.sxtvs.com/sxtvs_ydpd/index.html
主源,央视,陕西,西安新闻综合,网页,https://v.xiancity.cn/folder8/folder39/folder29/m/,https://v.xiancity.cn/folder8/folder39/folder29/m/
主源,央视,陕西,西安都市,网页,https://v.xiancity.cn/folder8/folder39/folder30/m/,https://v.xiancity.cn/folder8/folder39/folder30/m/
主源,央视,陕西,西安商务资讯,网页,https://v.xiancity.cn/folder8/folder39/folder31/m/,https://v.xiancity.cn/folder8/folder39/folder31/m/
主源,央视,陕西,西安戏剧影视,网页,https://v.xiancity.cn/folder8/folder39/folder32/m/,https://v.xiancity.cn/folder8/folder39/folder32/m/
主源,央视,陕西,西安丝路,网页,https://v.xiancity.cn/folder8/folder39/folder33/m/,https://v.xiancity.cn/folder8/folder39/folder33/m/
主源,央视,陕西,铜川综合,网页,https://www.tcsrm.cn/tvradio/tczhpd.html,https://www.tcsrm.cn/tvradio/tczhpd.html
主源,央视,陕西,铜川公共,网页,https://www.tcsrm.cn/tvradio/tcggpd.html,https://www.tcsrm.cn/tvradio/tcggpd.html
主源,央视,陕西,榆林综合,直连流(内嵌),live.html?url=https://49c1f938208318cdf8288bc36b62472a.livehwc4.com/hplayer1.juyun.tv/camera/186023110.m3u8,https://49c1f938208318cdf8288bc36b62472a.livehwc4.com/hplayer1.juyun.tv/camera/186023110.m3u8
主源,央视,陕西,榆林文化旅游,直连流(内嵌),live.html?url=https://49c1f938208318cdf8288bc36b62472a.livehwc4.com/hplayer1.juyun.tv/camera/186022194.m3u8,https://49c1f938208318cdf8288bc36b62472a.livehwc4.com/hplayer1.juyun.tv/camera/186022194.m3u8
主源,央视,陕西,商洛综合,直连流(内嵌),live.html?url=https://player4.juyun.tv/camera/171844138.m3u8,https://player4.juyun.tv/camera/171844138.m3u8
主源,央视,陕西,延安综合,直连流(内嵌),live.html?url=https://srs.yanews.cn/video/YATV-1/index.m3u8,https://srs.yanews.cn/video/YATV-1/index.m3u8
主源,央视,陕西,延安公共,直连流(内嵌),live.html?url=https://srs.yanews.cn/video/YATV-2/index.m3u8,https://srs.yanews.cn/video/YATV-2/index.m3u8
主源,央视,陕西,咸阳综合,网页,https://www.sxxynews.com.cn/tvradio/xyzhpd.html,https://www.sxxynews.com.cn/tvradio/xyzhpd.html
主源,央视,陕西,咸阳公共,网页,https://www.sxxynews.com.cn/tvradio/xyggpd.html,https://www.sxxynews.com.cn/tvradio/xyggpd.html
GitHub源,IPTV,IPTV,CCTV1,直连流,http://120.40.39.246:352/newlive/live/hls/1/live.m3u8,http://120.40.39.246:352/newlive/live/hls/1/live.m3u8
GitHub源,IPTV,IPTV,CCTV3,直连流,http://183.10.180.81:9901/tsfile/live/0003_1.m3u8?key=txiptv&playlive=1&authid=0,http://183.10.180.81:9901/tsfile/live/0003_1.m3u8?key=txiptv&playlive=1&authid=0
GitHub源,IPTV,IPTV,CCTV-4 中文国际,直连流,https://live-play-hls.cctvnews.cctv.com/CCTVChannel/channel_cctv4_mbd.m3u8?auth_key=1791097200-1-b59134a2ead43d7f783f943c8f535e7bb80c5169575b2e8efcd5b3ddea21b41c-1d69bbcbdea2dd8281d3dc59f42e8f50&yid=b59134a2ead43d7f783f943c8f535e7bb80c5169575b2e8efcd5b3ddea21b41c,https://live-play-hls.cctvnews.cctv.com/CCTVChannel/channel_cctv4_mbd.m3u8?auth_key=1791097200-1-b59134a2ead43d7f783f943c8f535e7bb80c5169575b2e8efcd5b3ddea21b41c-1d69bbcbdea2dd8281d3dc59f42e8f50&yid=b59134a2ead43d7f783f943c8f535e7bb80c5169575b2e8efcd5b3ddea21b41c
GitHub源,IPTV,IPTV,CCTV4,直连流,http://58.56.162.102:4466/newlive/live/hls/4/live.m3u8,http://58.56.162.102:4466/newlive/live/hls/4/live.m3u8
GitHub源,IPTV,IPTV,CCTV5体育,网页,https://iptv-search.com/live/fav/3XxBSyPtdZDOWTHtno1TfKXB5sl2y2Dl/0f32eece,https://iptv-search.com/live/fav/3XxBSyPtdZDOWTHtno1TfKXB5sl2y2Dl/0f32eece
GitHub源,IPTV,IPTV,CCTV-8K HD (1080p),直连流,http://192.151.150.154/live/cctv8k.m3u8,http://192.151.150.154/live/cctv8k.m3u8
GitHub源,IPTV,IPTV,CCTV8,直连流,http://63.141.230.178:82/gslb/zbdq5.m3u8?id=cctv8k,http://63.141.230.178:82/gslb/zbdq5.m3u8?id=cctv8k
GitHub源,IPTV,IPTV,CCTV-9 (576i),直连流,https://xykt-fix.github.io/Y77.m3u8,https://xykt-fix.github.io/Y77.m3u8
GitHub源,IPTV,IPTV,CCTV-9 纪录,直连流,https://v4-702cae17a28d6e4f0c0002bba021d934.livehwc4.com/play.kankanlive.com/live/1698423397390920.m3u8?sub_m3u8=true&edge_slice=true&user_session_id=92574abd34750c4b083d993636811947,https://v4-702cae17a28d6e4f0c0002bba021d934.livehwc4.com/play.kankanlive.com/live/1698423397390920.m3u8?sub_m3u8=true&edge_slice=true&user_session_id=92574abd34750c4b083d993636811947
GitHub源,IPTV,IPTV,CCTV9,直连流,https://v4-702cae17a28d6e4f0c0002bba021d934.livehwc4.com/play.kankanlive.com/live/1698423397390920.m3u8?sub_m3u8=true&edge_slice=true&user_session_id=04d0734a39c43ac7409c482c75ab83eb,https://v4-702cae17a28d6e4f0c0002bba021d934.livehwc4.com/play.kankanlive.com/live/1698423397390920.m3u8?sub_m3u8=true&edge_slice=true&user_session_id=04d0734a39c43ac7409c482c75ab83eb
GitHub源,IPTV,IPTV,CCTV13,直连流,http://101.66.199.13:9901/tsfile/live/0013_1.m3u8?key=txiptv&playlive=0&authid=0,http://101.66.199.13:9901/tsfile/live/0013_1.m3u8?key=txiptv&playlive=0&authid=0
GitHub源,IPTV,IPTV,CCTV-14 HD (1080p),直连流,http://74.91.26.218:82/live/cctv14hd.m3u8,http://74.91.26.218:82/live/cctv14hd.m3u8
GitHub源,IPTV,IPTV,CCTV-17 HD (1080p),直连流,http://74.91.26.218:82/live/cctv17hd.m3u8,http://74.91.26.218:82/live/cctv17hd.m3u8
GitHub源,IPTV,IPTV,山西卫视,直连流,http://119.39.9.8:9901/tsfile/live/0118_1.m3u8,http://119.39.9.8:9901/tsfile/live/0118_1.m3u8
GitHub源,IPTV,IPTV,延边卫视,直连流,https://srs.iyb983.cn/video/CYS/index.m3u8,https://srs.iyb983.cn/video/CYS/index.m3u8
GitHub源,IPTV,IPTV,延边卫视,直连流,https://srs.iyb983.cn:443/video/CYS/index.m3u8,https://srs.iyb983.cn:443/video/CYS/index.m3u8
GitHub源,IPTV,IPTV,新疆卫视,直连流,http://38.75.136.137:98/gslb/dsdqpub/xjws.m3u8?auth=testpub,http://38.75.136.137:98/gslb/dsdqpub/xjws.m3u8?auth=testpub
GitHub源,IPTV,IPTV,江西卫视,直连流,http://112.27.5.218:9901/tsfile/live/faacts/0138_1.m3u8?key=txiptv&playlive=1&authid=0,http://112.27.5.218:9901/tsfile/live/faacts/0138_1.m3u8?key=txiptv&playlive=1&authid=0
GitHub源,IPTV,IPTV,江西卫视,直连流,http://63.141.230.178:82/gslb/zbdq5.m3u8?id=jxwshd,http://63.141.230.178:82/gslb/zbdq5.m3u8?id=jxwshd
GitHub源,IPTV,IPTV,浙江卫视,直连流,http://101.66.199.13:9901/tsfile/live/0124_1.m3u8?key=txiptv&playlive=0&authid=0,http://101.66.199.13:9901/tsfile/live/0124_1.m3u8?key=txiptv&playlive=0&authid=0
GitHub源,IPTV,IPTV,浙江卫视,直连流,http://ali-xwl.cztv.com/live/channel01720Plxw.m3u8,http://ali-xwl.cztv.com/live/channel01720Plxw.m3u8
GitHub源,IPTV,IPTV,西藏卫视,直连流,http://59.39.89.130:60901/tsfile/live/0125_4.m3u8?key=txiptv&playlive=1&authid=0,http://59.39.89.130:60901/tsfile/live/0125_4.m3u8?key=txiptv&playlive=1&authid=0
GitHub源,IPTV,IPTV,辽宁卫视,直连流,http://204.12.221.218:8181/3m1080p/lnws.m3u8,http://204.12.221.218:8181/3m1080p/lnws.m3u8
GitHub源,IPTV,IPTV,陕西卫视,直连流,http://192.151.150.154/live/snwshd.m3u8,http://192.151.150.154/live/snwshd.m3u8
GitHub源,IPTV,IPTV,ABN China (720p),直连流,https://mediaserver.abnvideos.com/streams/abnchina.m3u8,https://mediaserver.abnvideos.com/streams/abnchina.m3u8
GitHub源,IPTV,IPTV,Ando TV (1080p),直连流,http://play.kankanlive.com/live/1711956137852982.m3u8,http://play.kankanlive.com/live/1711956137852982.m3u8
GitHub源,IPTV,IPTV,Bread TV (720p),直连流,https://video.bread-tv.com:8091/hls-live24/online/index.m3u8,https://video.bread-tv.com:8091/hls-live24/online/index.m3u8
GitHub源,IPTV,IPTV,CCTV-Storm Music (1080p),直连流,http://38.75.136.137:98/gslb/dsdqpub/fyyy.m3u8?auth=testpub,http://38.75.136.137:98/gslb/dsdqpub/fyyy.m3u8?auth=testpub
GitHub源,IPTV,IPTV,CCTV-The First Theater (1080p),直连流,http://38.75.136.137:98/gslb/dsdqpub/dyjc.m3u8?auth=testpub,http://38.75.136.137:98/gslb/dsdqpub/dyjc.m3u8?auth=testpub
GitHub源,IPTV,IPTV,Chuxiong News Channel [Not 24/7],直连流,http://hwapi.yntv.net/ew265l/848y54.m3u8,http://hwapi.yntv.net/ew265l/848y54.m3u8
GitHub源,IPTV,IPTV,Dragon TV International,直连流,https://restream.pdtvhd.com/memfs/0b1b95c9-3543-4af9-9fdb-cf45f1602f17.m3u8,https://restream.pdtvhd.com/memfs/0b1b95c9-3543-4af9-9fdb-cf45f1602f17.m3u8
GitHub源,IPTV,IPTV,Guangzhou TV,直连流,https://tencentplaybusiness.gztv.com/live/zonghes.m3u8,https://tencentplaybusiness.gztv.com/live/zonghes.m3u8
GitHub源,IPTV,IPTV,Harbin Comprehensive News Channel,直连流,https://stream.hrbtv.net/xwzh/playlist.m3u8?_upt=ef41dd531755913594,https://stream.hrbtv.net/xwzh/playlist.m3u8?_upt=ef41dd531755913594
GitHub源,IPTV,IPTV,Harbin Movie Channel,直连流,https://stream.hrbtv.net/yspd/playlist.m3u8,https://stream.hrbtv.net/yspd/playlist.m3u8
GitHub源,IPTV,IPTV,Hebei TV (2160p),直连流,https://event.pull.hebtv.com/live/live101.m3u8,https://event.pull.hebtv.com/live/live101.m3u8
GitHub源,IPTV,IPTV,Hunan TV (2160p),直连流,http://hlsal-ldvt.qing.mgtv.com/nn_live/nn_x64/dWlwPTEyNy4wLjAuMSZ1aWQ9cWluZy1jbXMmbm5fdGltZXpvbmU9OCZjZG5leF9pZD1hbF9obHNfbGR2dCZ1dWlkPTliODY4NmU5ZTM2YzYwMmMmZT02OTE0NjA0JnY9MSZpZD1ITldTWkdTVCZzPTcwN2RiYTc2YzJjNmJmMTQ4MmUyZGYzOWU2NWM3YWFi/HNWSZGST.m3u8,http://hlsal-ldvt.qing.mgtv.com/nn_live/nn_x64/dWlwPTEyNy4wLjAuMSZ1aWQ9cWluZy1jbXMmbm5fdGltZXpvbmU9OCZjZG5leF9pZD1hbF9obHNfbGR2dCZ1dWlkPTliODY4NmU5ZTM2YzYwMmMmZT02OTE0NjA0JnY9MSZpZD1ITldTWkdTVCZzPTcwN2RiYTc2YzJjNmJmMTQ4MmUyZGYzOWU2NWM3YWFi/HNWSZGST.m3u8
GitHub源,IPTV,IPTV,Kangba TV,直连流,http://110.185.237.164:8888/hls/30/index.m3u8,http://110.185.237.164:8888/hls/30/index.m3u8
GitHub源,IPTV,IPTV,Lanzhou Comprehensive News Channel,直连流,https://liveplus.lzr.com.cn/xwzh/HD/live.m3u8,https://liveplus.lzr.com.cn/xwzh/HD/live.m3u8
GitHub源,IPTV,IPTV,Siping TV,直连流,http://stream2.jlntv.cn/sptv/sd/live.m3u8?_upt=f27750421743154598,http://stream2.jlntv.cn/sptv/sd/live.m3u8?_upt=f27750421743154598
GitHub源,IPTV,IPTV,TV BRICS Chinese (1080p),直连流,https://chibrics.mediacdn.ru/cdn/brics/chinese/playlist.m3u8,https://chibrics.mediacdn.ru/cdn/brics/chinese/playlist.m3u8
GitHub源,IPTV,IPTV,Xinjiang TV 2,直连流,http://110.153.180.106:55555/out_3/index.m3u8,http://110.153.180.106:55555/out_3/index.m3u8
GitHub源,IPTV,IPTV,Xinjiang TV 3,直连流,http://110.153.180.106:55555/out_2/index.m3u8,http://110.153.180.106:55555/out_2/index.m3u8
GitHub源,IPTV,IPTV,Xinjiang TV 8,直连流,http://120.70.60.179:9901/tsfile/live/1002_1.m3u8?authid=0&key=txiptv&playlive=1,http://120.70.60.179:9901/tsfile/live/1002_1.m3u8?authid=0&key=txiptv&playlive=1
GitHub源,IPTV,IPTV,世界地理,直连流,http://183.10.180.81:9901/tsfile/live/1008_1.m3u8?key=txiptv&playlive=1&authid=0,http://183.10.180.81:9901/tsfile/live/1008_1.m3u8?key=txiptv&playlive=1&authid=0
GitHub源,IPTV,IPTV,第一剧场,直连流,http://183.10.180.81:9901/tsfile/live/1082_1.m3u8?key=txiptv&playlive=1&authid=0,http://183.10.180.81:9901/tsfile/live/1082_1.m3u8?key=txiptv&playlive=1&authid=0
GitHub源,IPTV,IPTV,CCTV-1 综合,直连流,http://39.135.34.150:8080/000000001000/1000000001000021973/1.m3u8,http://39.135.34.150:8080/000000001000/1000000001000021973/1.m3u8
GitHub源,IPTV,IPTV,CCTV-2 财经,直连流,http://39.135.34.150:8080/000000001000/1000000001000012442/1.m3u8,http://39.135.34.150:8080/000000001000/1000000001000012442/1.m3u8
GitHub源,IPTV,IPTV,CCTV-3 综艺,直连流,http://39.135.34.150:8080/000000001000/1000000001000011218/1.m3u8,http://39.135.34.150:8080/000000001000/1000000001000011218/1.m3u8
GitHub源,IPTV,IPTV,CCTV-4 中文国际,直连流,http://39.135.34.150:8080/000000001000/1000000001000011219/1.m3u8,http://39.135.34.150:8080/000000001000/1000000001000011219/1.m3u8
GitHub源,IPTV,IPTV,CCTV-5 体育,直连流,http://39.135.34.150:8080/000000001000/1000000001000011220/1.m3u8,http://39.135.34.150:8080/000000001000/1000000001000011220/1.m3u8
GitHub源,IPTV,IPTV,CCTV-5+ 体育赛事,直连流,http://39.135.34.150:8080/000000001000/1000000001000011221/1.m3u8,http://39.135.34.150:8080/000000001000/1000000001000011221/1.m3u8
GitHub源,IPTV,IPTV,CCTV-6 电影,直连流,http://39.135.34.150:8080/000000001000/1000000001000011222/1.m3u8,http://39.135.34.150:8080/000000001000/1000000001000011222/1.m3u8
GitHub源,IPTV,IPTV,CCTV-7 国防军事,直连流,http://39.135.34.150:8080/000000001000/1000000001000011223/1.m3u8,http://39.135.34.150:8080/000000001000/1000000001000011223/1.m3u8
GitHub源,IPTV,IPTV,CCTV-8 电视剧,直连流,http://39.135.34.150:8080/000000001000/1000000001000011224/1.m3u8,http://39.135.34.150:8080/000000001000/1000000001000011224/1.m3u8
GitHub源,IPTV,IPTV,CCTV-13 新闻,直连流,http://39.135.34.150:8080/000000001000/1000000001000011229/1.m3u8,http://39.135.34.150:8080/000000001000/1000000001000011229/1.m3u8
GitHub源,IPTV,IPTV,CCTV-14 少儿,直连流,http://39.135.34.150:8080/000000001000/1000000001000011230/1.m3u8,http://39.135.34.150:8080/000000001000/1000000001000011230/1.m3u8
